Date,Open,High,Low,Close
2013-01-01,91.73,92.6,91.54,92.55
2013-01-02,92.57,93.81,92.46,92.8
2013-01-03,92.79,93.27,92.12,92.17
2013-01-04,92.16,93.19,91.51,92.83
2013-01-07,92.82,93.32,92.42,93.13
2013-01-08,93.12,93.77,92.65,92.94
2013-01-09,92.95,93.61,92.67,93.45
2013-01-10,93.44,94.67,93.41,93.82
2013-01-11,93.81,94.22,92.63,94.13
2013-01-14,94.14,94.26,92.93,93.82
2013-01-15,93.81,94.42,93.21,93.57
2013-01-16,93.56,94.33,93.08,93.8
2013-01-17,93.81,96.0,93.79,95.5
2013-01-18,95.49,95.64,94.9,95.15
2013-01-21,95.16,96.19,95.01,96.04
2013-01-22,96.03,96.86,95.45,96.56
2013-01-23,96.57,96.89,94.94,95.5
2013-01-24,95.49,96.65,95.29,95.8
2013-01-25,95.79,96.53,95.42,95.95
2013-01-28,95.94,96.78,95.46,96.68
2013-01-29,96.69,97.79,96.28,97.58
2013-01-30,97.59,98.22,97.32,97.84
2013-01-31,97.85,97.98,96.82,97.48
2013-02-01,97.47,98.11,96.49,97.44
2013-02-04,97.43,97.53,95.87,96.03
2013-02-05,96.04,97.05,95.89,96.63
2013-02-06,96.62,96.96,95.03,96.74
2013-02-07,96.75,97.19,95.53,96.06
2013-02-08,96.05,96.54,95.25,95.65
2013-02-11,95.64,97.06,94.95,96.9
2013-02-12,96.89,97.77,96.66,97.61
2013-02-13,97.6,98.07,96.61,97.1
2013-02-14,97.09,97.67,96.75,97.3
2013-02-15,97.29,97.35,95.19,95.59
2013-02-18,95.6,95.96,95.23,95.45
2013-02-19,95.46,97.22,95.3,96.99
2013-02-20,97.0,97.46,94.23,94.29
2013-02-21,94.3,94.54,92.63,93.21
2013-02-22,93.2,93.45,92.42,93.03
2013-02-25,93.02,94.44,92.0,92.5
2013-02-26,92.51,93.4,92.05,92.64
2013-02-27,92.63,93.35,92.17,92.99
2013-02-28,93.0,93.08,91.41,91.91
2013-03-01,91.9,91.94,90.03,90.35
2013-03-04,90.33,90.88,89.33,90.33
2013-03-05,90.34,91.14,90.02,91.0
2013-03-06,90.99,91.06,89.54,90.26
2013-03-07,90.25,91.69,90.2,91.29
2013-03-08,91.3,92.0,90.81,91.78
2013-03-11,91.79,92.25,90.87,92.06
2013-03-12,92.07,93.42,91.58,92.66
2013-03-13,92.67,93.37,91.89,92.25
2013-03-14,92.26,93.34,91.99,93.29
2013-03-15,93.28,93.81,92.12,92.31
2013-03-18,92.31,93.92,91.75,93.77
2013-03-19,93.76,94.06,92.01,92.66
2013-03-20,92.67,93.57,92.45,93.18
2013-03-21,93.19,93.4,91.82,92.7
2013-03-22,92.69,94.11,92.31,94.04
2013-03-25,94.03,95.62,94.0,94.8
2013-03-26,94.81,96.42,94.78,96.08
2013-03-27,96.07,96.81,95.56,96.59
2013-03-28,96.58,97.32,96.24,97.19
2013-03-29,97.19,97.67,96.68,96.84
2013-04-01,96.83,97.08,95.91,96.75
2013-04-02,96.76,97.41,95.9,96.67
2013-04-03,96.67,96.88,94.17,94.44
2013-04-04,94.45,94.8,92.12,93.26
2013-04-05,93.27,93.29,91.9,92.83
2013-04-08,92.84,93.72,92.44,93.57
2013-04-09,93.56,94.45,92.84,93.9
2013-04-10,93.89,94.79,93.39,94.35
2013-04-11,94.36,94.61,93.04,93.29
2013-04-12,93.28,93.29,88.8,88.85
2013-04-15,88.84,89.94,86.05,86.98
2013-04-16,86.99,89.03,86.99,88.69
2013-04-17,88.68,88.84,85.61,86.79
2013-04-18,86.8,88.48,86.3,87.95
2013-04-19,87.97,88.77,87.54,88.7
2013-04-22,88.69,89.45,87.67,88.66
2013-04-23,88.67,89.61,87.81,89.53
2013-04-24,89.53,91.93,89.3,91.82
2013-04-25,91.81,93.84,91.09,93.16
2013-04-26,93.17,93.55,92.05,92.61
2013-04-29,92.61,94.66,92.49,94.4
2013-04-30,94.39,94.59,92.82,93.03
2013-05-01,93.02,93.16,90.1,91.13
2013-05-02,91.14,94.21,90.63,93.78
2013-05-03,93.77,97.11,93.54,96.56
2013-05-06,96.52,96.64,94.83,95.82
2013-05-07,95.83,96.24,94.91,95.79
2013-05-08,95.8,96.74,95.22,96.62
2013-05-09,96.63,96.66,95.34,96.12
2013-05-10,96.11,96.2,93.35,95.25
2013-05-13,95.28,95.71,94.46,95.37
2013-05-14,95.36,95.63,93.84,94.32
2013-05-15,94.33,94.42,92.12,93.93
2013-05-16,93.92,95.53,93.24,95.01
2013-05-17,95.01,96.4,94.77,95.97
2013-05-20,95.98,97.08,95.21,96.91
2013-05-21,96.9,97.2,95.5,95.67
2013-05-22,95.66,96.16,93.5,93.6
2013-05-23,93.59,94.42,92.2,93.94
2013-05-24,93.95,94.31,93.02,93.48
2013-05-27,93.5,94.01,93.35,93.81
2013-05-28,93.8,95.89,93.52,94.78
2013-05-29,94.77,95.2,92.71,93.17
2013-05-30,93.18,93.95,91.63,93.62
2013-05-31,93.61,93.83,91.26,91.88
2013-06-03,91.89,93.66,91.35,93.01
2013-06-04,93.0,94.38,92.36,93.7
2013-06-05,93.71,94.45,93.38,93.85
2013-06-06,93.84,95.29,93.77,94.81
2013-06-07,94.82,96.35,93.72,96.11
2013-06-10,96.1,96.17,95.18,95.77
2013-06-11,95.78,95.83,94.03,94.77
2013-06-12,94.78,96.42,94.44,95.4
2013-06-13,95.41,96.9,95.02,96.68
2013-06-14,96.69,98.23,96.4,97.62
2013-06-17,97.6,98.71,97.37,97.75
2013-06-18,97.74,98.63,97.39,98.3
2013-06-19,98.31,98.98,96.99,97.01
2013-06-20,97.02,97.2,94.62,95.28
2013-06-21,95.29,95.79,93.09,93.57
2013-06-24,93.55,95.56,92.71,94.68
2013-06-25,94.67,96.14,94.51,94.57
2013-06-26,94.56,96.1,93.66,95.87
2013-06-27,95.88,97.37,95.47,97.15
2013-06-28,97.16,97.79,96.05,96.33
2013-07-01,96.32,98.25,96.26,97.83
2013-07-02,97.82,102.14,97.76,101.64
2013-07-03,101.63,102.13,100.51,101.26
2013-07-04,101.26,101.57,100.68,101.1
2013-07-05,101.09,103.95,100.92,103.55
2013-07-08,103.56,103.77,102.11,103.02
2013-07-09,103.03,104.73,102.29,104.28
2013-07-10,104.29,106.92,104.23,106.42
2013-07-11,106.43,107.42,104.29,104.85
2013-07-12,104.84,106.17,104.44,105.87
2013-07-15,105.88,106.71,104.65,106.03
2013-07-16,106.04,107.14,105.45,105.82
2013-07-17,105.81,106.65,105.1,106.31
2013-07-18,106.3,108.4,106.12,108.11
2013-07-19,108.12,109.29,107.47,108.01
2013-07-22,108.02,108.57,106.48,107.06
2013-07-23,107.07,107.51,105.44,107.03
2013-07-24,107.02,107.47,104.71,104.87
2013-07-25,104.86,105.82,104.07,105.58
2013-07-26,105.57,105.58,103.88,104.25
2013-07-29,104.25,105.34,103.86,104.24
2013-07-30,104.25,104.42,102.66,103.27
2013-07-31,103.28,105.65,102.91,105.34
2013-08-01,105.33,108.65,105.3,108.55
2013-08-02,108.54,108.74,106.0,107.15
2013-08-05,107.13,107.66,105.68,106.37
2013-08-06,106.36,107.24,104.85,105.35
2013-08-07,105.34,105.74,104.08,104.8
2013-08-08,104.81,104.93,102.21,104.24
2013-08-09,104.25,106.36,103.61,106.27
2013-08-12,106.28,106.43,105.01,106.15
2013-08-13,106.14,107.17,105.55,106.33
2013-08-14,106.32,107.29,105.58,107.07
2013-08-15,107.08,107.84,106.58,107.39
2013-08-16,107.36,108.14,106.54,107.45
2013-08-19,107.46,107.78,106.54,106.72
2013-08-20,106.73,106.93,104.62,104.79
2013-08-21,104.8,105.11,103.49,103.68
2013-08-22,103.69,105.35,103.6,105.07
2013-08-23,105.08,107.29,104.28,107.0
2013-08-26,107.01,107.03,105.54,106.43
2013-08-27,106.44,111.72,105.87,111.64
2013-08-28,111.63,112.21,109.1,109.38
2013-08-29,109.36,110.01,106.74,107.65
2013-08-30,107.66,108.71,105.53,106.07
2013-09-02,106.08,107.27,105.91,106.6
2013-09-03,106.59,108.8,106.56,108.34
2013-09-04,108.33,108.39,106.77,107.47
2013-09-05,107.46,108.64,107.12,108.35
2013-09-06,108.34,110.67,108.16,110.28
2013-09-09,110.29,110.43,108.2,108.31
2013-09-10,108.3,108.87,106.38,106.93
2013-09-11,106.95,108.06,106.93,107.68
2013-09-12,107.67,109.14,107.28,108.52
2013-09-13,108.53,108.61,106.79,107.36
2013-09-16,107.4,107.97,105.71,105.79
2013-09-17,105.79,106.4,104.94,105.61
2013-09-18,105.62,108.73,105.53,108.5
2013-09-19,108.51,108.96,105.41,105.53
2013-09-20,105.54,106.09,104.41,104.74
2013-09-23,104.73,105.07,103.11,103.42
2013-09-24,103.44,103.61,102.28,103.25
2013-09-25,103.26,103.93,102.18,102.34
2013-09-26,102.33,103.28,102.29,102.71
2013-09-27,102.7,103.74,101.43,101.55
2013-09-30,101.57,102.74,101.03,101.94
2013-10-01,101.93,102.55,101.04,101.5
2013-10-02,101.51,104.2,101.41,103.65
2013-10-03,103.64,104.35,102.86,103.15
2013-10-04,103.14,104.16,103.02,103.31
2013-10-07,103.3,103.71,101.84,102.91
2013-10-08,102.92,104.05,102.88,103.42
2013-10-09,103.4,103.72,101.17,101.65
2013-10-10,101.66,103.54,101.16,102.79
2013-10-11,102.79,102.87,100.59,101.86
2013-10-14,101.87,102.58,101.04,102.25
2013-10-15,102.26,102.43,100.88,101.21
2013-10-16,101.22,102.94,100.74,102.15
2013-10-17,102.14,102.21,100.02,100.75
2013-10-18,100.76,101.68,100.5,100.79
2013-10-21,100.8,100.82,98.97,99.39
2013-10-22,99.39,100.27,97.75,97.85
2013-10-23,97.86,98.0,96.15,97.44
2013-10-24,97.45,97.66,95.93,97.4
2013-10-25,97.42,98.04,96.97,97.64
2013-10-28,97.63,98.78,97.36,98.42
2013-10-29,98.41,98.47,97.38,97.62
2013-10-30,97.64,97.79,96.44,96.53
2013-10-31,96.54,96.99,96.02,96.36
2013-11-01,96.35,96.62,94.35,94.52
2013-11-04,94.5,95.08,94.04,94.56
2013-11-05,94.55,94.8,93.06,93.92
2013-11-06,93.93,95.37,93.66,94.76
2013-11-07,94.75,95.28,93.78,94.39
2013-11-08,94.38,94.89,93.88,94.71
2013-11-11,94.72,95.35,94.09,94.8
2013-11-12,94.81,95.19,92.85,93.12
2013-11-13,93.11,94.51,93.02,93.96
2013-11-14,93.95,94.4,92.49,94.2
2013-11-15,94.19,94.5,93.42,93.46
2013-11-18,93.47,94.27,92.7,92.82
2013-11-19,92.83,94.26,92.42,94.23
2013-11-20,94.22,94.45,93.23,93.52
2013-11-21,93.51,95.57,93.45,95.06
2013-11-22,95.05,95.54,93.62,93.9
2013-11-25,93.89,94.47,93.08,94.37
2013-11-26,94.36,94.66,93.34,93.43
2013-11-27,93.42,93.47,91.75,92.16
2013-11-28,92.15,92.38,92.04,92.18
2013-11-29,92.19,93.87,92.09,93.14
2013-12-02,93.13,94.21,92.55,93.97
2013-12-03,93.98,97.36,93.64,97.21
2013-12-04,97.22,97.55,96.28,97.38
2013-12-05,97.37,97.96,97.09,97.42
2013-12-06,97.41,98.03,97.05,97.79
2013-12-09,97.79,97.94,97.08,97.64
2013-12-10,97.63,98.72,97.62,98.42
2013-12-11,98.41,98.61,97.19,97.38
2013-12-12,97.39,98.15,97.3,97.46
2013-12-13,97.45,97.56,96.24,96.37
2013-12-16,96.36,97.66,96.2,97.35
2013-12-17,97.36,97.87,96.98,97.34
2013-12-18,97.35,98.04,97.02,97.94
2013-12-19,97.93,99.46,97.84,98.81
2013-12-20,98.83,99.37,98.52,99.19
2013-12-23,99.18,99.27,98.51,98.64
2013-12-24,98.65,99.28,98.63,99.18
2013-12-25,98.65,99.28,98.63,99.18
2013-12-26,99.18,99.74,99.03,99.54
2013-12-27,99.55,100.73,99.42,100.36
2013-12-30,100.35,100.4,99.11,99.33
2013-12-31,99.32,99.34,98.14,98.59
2014-01-01,98.5,98.74,98.5,98.66
2014-01-02,98.67,98.94,95.28,95.41
2014-01-03,95.42,95.62,93.84,94.02
2014-01-06,94.01,94.56,93.19,93.59
2014-01-07,93.57,94.18,93.33,93.91
2014-01-08,93.92,94.15,92.24,92.57
2014-01-09,92.58,92.9,91.22,92.43
2014-01-10,92.44,93.33,91.97,92.37
2014-01-13,92.36,92.45,91.41,91.91
2014-01-14,91.9,92.85,91.8,92.48
2014-01-15,92.47,94.61,92.43,94.18
2014-01-16,94.17,94.62,93.58,94.02
2014-01-17,94.01,94.91,93.6,93.64
2014-01-20,93.63,94.31,93.4,94.3
2014-01-21,94.31,95.46,94.12,95.37
2014-01-22,95.36,96.86,95.26,96.45
2014-01-23,96.46,97.81,96.45,97.48
2014-01-24,97.49,97.77,96.24,96.69
2014-01-27,96.7,97.15,95.19,95.82
2014-01-28,95.83,97.62,95.69,97.28
2014-01-29,97.27,97.69,96.35,97.48
2014-01-30,97.49,98.56,97.33,97.88
2014-01-31,97.89,98.35,96.77,97.24
2014-02-03,97.25,97.91,96.24,96.56
2014-02-04,96.57,97.85,96.35,97.64
2014-02-05,97.65,98.23,96.79,97.56
2014-02-06,97.57,98.8,97.43,97.62
2014-02-07,97.61,100.42,97.11,99.76
2014-02-10,99.77,100.51,99.08,100.06
2014-02-11,100.07,100.56,99.58,100.39
2014-02-12,100.4,101.35,99.74,99.78
2014-02-13,99.76,100.63,99.39,100.18
2014-02-14,100.17,100.83,99.42,100.56
2014-02-17,100.55,101.11,100.55,100.69
2014-02-18,100.7,103.21,100.55,102.77
2014-02-19,102.78,103.77,102.38,102.52
2014-02-20,102.51,103.0,102.26,102.71
2014-02-21,102.7,102.72,101.67,102.48
2014-02-24,102.49,103.42,101.95,102.44
2014-02-25,102.45,102.47,101.02,101.63
2014-02-26,101.62,102.86,101.56,102.25
2014-02-27,102.24,103.05,101.74,101.93
2014-02-28,101.92,104.62,101.81,103.77
2014-03-03,103.76,105.2,103.68,104.7
2014-03-04,104.69,104.78,102.84,103.34
2014-03-05,103.35,103.45,100.83,101.09
2014-03-06,101.1,102.05,100.14,101.93
2014-03-07,101.92,102.88,101.55,102.43
2014-03-10,102.42,102.43,100.83,101.15
2014-03-11,101.16,101.49,99.37,99.52
2014-03-12,99.53,99.53,97.53,98.23
2014-03-13,98.22,98.57,97.65,98.16
2014-03-14,98.15,99.32,98.06,99.1
2014-03-17,99.09,99.14,97.35,97.98
2014-03-18,97.97,99.76,97.88,99.44
2014-03-19,99.43,100.43,99.05,99.36
2014-03-20,99.35,99.42,98.06,98.51
2014-03-21,98.5,100.23,98.24,99.18
2014-03-24,99.16,100.26,99.03,99.56
2014-03-25,99.54,100.23,98.79,99.4
2014-03-26,99.38,100.43,99.12,100.23
2014-03-27,100.24,101.67,100.01,101.38
2014-03-28,101.38,102.2,101.36,101.4
2014-03-31,101.41,101.94,100.87,101.37
2014-04-01,101.38,101.43,99.26,99.75
2014-04-02,99.74,99.77,98.84,99.37
2014-04-03,99.38,100.47,99.05,100.31
2014-04-04,100.32,101.6,100.29,100.85
2014-04-07,100.84,101.3,99.91,100.89
2014-04-08,100.9,102.68,100.77,102.24
2014-04-09,102.23,103.74,102.02,103.26
2014-04-10,103.25,103.78,103.08,103.14
2014-04-11,103.13,104.4,103.0,104.25
2014-04-14,104.26,104.52,103.22,103.23
2014-04-15,103.23,104.01,102.93,103.78
2014-04-16,103.79,104.96,103.11,103.89
2014-04-17,103.88,104.75,103.52,104.57
2014-04-18,104.55,104.58,103.96,104.09
2014-04-21,104.09,104.73,103.42,103.5
2014-04-22,103.51,103.53,101.48,101.49
2014-04-23,101.5,102.05,101.18,101.65
2014-04-24,101.66,102.32,101.38,101.97
2014-04-25,101.97,102.0,100.47,101.01
2014-04-28,101.02,101.49,100.31,100.86
2014-04-29,100.85,102.17,100.33,100.45
2014-04-30,100.44,100.51,99.34,99.66
2014-05-01,99.67,99.86,98.73,99.43
2014-05-02,99.44,100.11,99.25,99.78
2014-05-05,99.77,100.4,98.92,99.44
2014-05-06,99.45,100.4,99.32,100.1
2014-05-07,100.11,100.96,99.77,100.81
2014-05-08,100.82,100.85,99.85,100.39
2014-05-09,100.41,101.13,99.71,100.09
2014-05-12,100.08,100.91,99.98,100.52
2014-05-13,100.51,102.0,100.34,101.96
2014-05-14,101.95,102.62,101.85,102.08
2014-05-15,102.07,102.23,101.25,101.9
2014-05-16,101.89,102.2,101.37,102.16
2014-05-19,102.17,103.05,101.99,102.2
2014-05-20,102.19,102.98,101.67,102.85
2014-05-21,102.84,104.25,102.8,103.97
2014-05-22,103.99,104.18,103.53,103.71
2014-05-23,103.7,104.47,103.63,104.03
2014-05-26,104.02,104.4,103.9,104.35
2014-05-27,104.36,104.47,103.55,104.12
2014-05-28,104.11,104.37,102.63,102.92
2014-05-29,102.91,103.91,102.59,103.37
2014-05-30,103.36,103.44,102.38,102.85
2014-06-02,102.36,102.62,102.31,102.49
2014-06-03,102.48,102.95,102.21,102.77
2014-06-04,102.76,103.62,102.17,102.35
2014-06-05,102.34,102.66,101.58,102.47
2014-06-06,102.46,103.05,102.29,102.79
2014-06-09,102.79,104.82,102.76,104.65
2014-06-10,104.64,105.02,103.96,104.45
2014-06-11,104.44,104.78,104.16,104.6
2014-06-12,104.59,107.65,104.51,106.83
2014-06-13,106.84,107.55,106.35,107.31
2014-06-16,107.3,107.45,106.56,106.6
2014-06-17,106.61,107.16,106.0,106.42
2014-06-18,106.43,106.97,105.78,106.46
2014-06-19,106.45,106.69,105.29,106.13
2014-06-20,106.14,107.33,105.79,107.13
2014-06-23,107.14,107.34,105.25,105.68
2014-06-24,105.67,107.45,105.51,106.69
2014-06-25,106.7,106.82,105.46,106.66
2014-06-26,106.69,106.75,105.02,105.83
2014-06-27,105.84,106.16,105.31,105.46
2014-06-30,105.45,105.72,104.64,105.57
2014-07-01,105.59,106.07,104.58,105.45
2014-07-02,105.46,105.5,103.94,104.04
2014-07-03,104.03,104.23,103.65,103.93
2014-07-04,103.92,104.1,103.63,103.95
2014-07-07,103.96,104.03,103.18,103.44
2014-07-08,103.43,104.18,103.0,103.51
2014-07-09,103.52,103.57,101.69,101.78
2014-07-10,101.77,102.98,101.52,102.76
2014-07-11,102.77,102.77,100.42,100.71
2014-07-14,100.72,101.17,100.21,100.99
2014-07-15,101.0,101.0,98.99,100.36
2014-07-16,100.37,101.57,100.34,101.41
2014-07-17,101.42,103.91,101.25,103.62
2014-07-18,103.63,103.8,102.56,103.02
2014-07-21,103.03,104.94,102.63,103.27
2014-07-22,103.29,103.35,101.77,102.03
2014-07-23,102.02,103.31,101.9,103.11
2014-07-24,103.1,103.14,101.79,101.94
2014-07-25,101.95,102.51,100.98,101.49
2014-07-28,101.5,102.07,100.88,101.37
2014-07-29,101.38,101.79,100.35,101.0
2014-07-30,101.01,101.63,99.15,99.59
2014-07-31,99.61,99.83,97.59,97.99
2014-08-01,98.0,98.07,97.07,97.93
2014-08-04,97.94,98.65,97.42,98.36
2014-08-05,98.35,98.64,96.99,97.59
2014-08-06,97.6,98.1,96.71,96.93
2014-08-07,96.92,98.41,96.53,97.98
2014-08-08,97.99,98.22,97.15,97.88
2014-08-11,97.89,98.55,97.45,97.75
2014-08-12,97.76,97.82,96.82,97.13
2014-08-13,97.12,97.75,96.73,97.33
2014-08-14,97.32,97.56,95.25,95.63
2014-08-15,95.62,97.39,95.3,96.86
2014-08-18,96.87,96.88,95.8,96.76
2014-08-19,96.77,97.02,92.78,92.82
2014-08-20,92.81,93.66,92.71,93.32
2014-08-21,93.31,94.42,92.53,93.79
2014-08-22,93.78,94.02,92.91,93.54
2014-08-25,93.55,93.93,93.04,93.52
2014-08-26,93.51,94.32,93.33,93.86
2014-08-27,93.85,94.21,93.34,93.75
2014-08-28,93.74,94.8,93.44,94.75
2014-08-29,94.74,95.98,94.69,95.77
2014-09-01,95.76,95.85,95.49,95.77
2014-09-02,95.76,95.86,92.66,93.15
2014-09-03,93.16,95.8,93.15,95.06
2014-09-04,95.05,95.36,94.14,94.36
2014-09-05,94.37,94.97,92.85,93.28
2014-09-08,93.29,93.53,91.78,92.9
2014-09-09,92.91,93.92,92.5,92.89
2014-09-10,92.88,92.99,91.23,91.76
2014-09-11,91.77,93.41,90.42,92.82
2014-09-12,92.81,93.64,90.73,91.23
2014-09-15,91.24,93.0,90.96,92.8
2014-09-16,92.79,95.16,92.44,94.73
2014-09-17,94.74,95.03,93.72,93.79
2014-09-18,93.8,94.79,92.85,92.99
2014-09-19,92.98,93.21,91.23,91.27
2014-09-22,91.28,91.89,90.38,91.2
2014-09-23,91.21,92.06,90.75,91.55
2014-09-24,91.56,93.26,91.1,92.69
2014-09-25,92.7,93.51,92.03,92.53
2014-09-26,92.52,93.83,92.22,92.93
2014-09-29,92.92,94.83,92.72,94.68
2014-09-30,94.69,94.88,90.84,91.44
2014-10-01,91.42,92.94,90.46,90.85
2014-10-02,90.85,91.74,88.16,91.73
2014-10-03,91.74,91.76,89.35,89.67
2014-10-06,89.66,90.71,88.77,90.19
2014-10-07,90.18,90.54,87.76,87.93
2014-10-08,87.92,88.35,86.84,87.45
2014-10-09,87.46,87.91,83.59,83.7
2014-10-10,83.71,86.26,83.68,84.59
2014-10-13,84.59,85.84,84.06,85.04
2014-10-14,85.03,85.57,81.31,82.02
2014-10-15,82.01,82.39,80.0,80.71
2014-10-16,80.7,84.78,79.79,82.96
2014-10-17,82.95,84.41,82.43,83.11
2014-10-20,83.12,83.4,81.54,82.05
2014-10-21,82.06,83.24,81.57,82.46
2014-10-22,82.47,83.12,80.04,80.42
2014-10-23,80.41,82.34,80.12,81.6
2014-10-24,81.63,81.82,80.35,80.95
2014-10-27,80.94,81.24,79.45,80.69
2014-10-28,80.68,81.82,80.35,81.71
2014-10-29,81.72,82.86,81.54,81.89
2014-10-30,81.9,81.96,80.71,80.83
2014-10-31,80.84,81.25,79.54,80.25
2014-11-03,80.24,80.96,78.09,78.3
2014-11-04,78.29,78.29,75.9,77.08
2014-11-05,77.07,79.33,76.46,78.85
2014-11-06,78.84,78.91,77.11,77.58
2014-11-07,77.57,79.38,77.46,78.97
2014-11-10,78.96,79.83,76.89,77.04
2014-11-11,77.05,78.02,76.42,77.41
2014-11-12,77.4,78.06,76.62,77.07
2014-11-13,77.06,77.14,74.07,74.26
2014-11-14,74.25,76.27,73.26,75.45
2014-11-17,75.46,75.76,74.7,75.24
2014-11-18,75.23,76.38,74.02,74.1
2014-11-19,74.11,75.39,73.87,74.7
2014-11-20,74.69,76.78,74.19,76.27
2014-11-21,76.28,77.78,75.61,76.74
2014-11-24,76.73,77.0,75.45,75.77
2014-11-25,75.78,76.56,73.64,74.11
2014-11-26,74.12,74.43,72.61,72.82
2014-11-27,72.81,73.13,67.74,68.92
2014-11-28,68.91,69.6,64.1,64.65
2014-12-01,64.66,69.52,63.72,68.46
2014-12-02,68.45,69.15,66.68,67.55
2014-12-03,67.57,68.2,66.79,67.95
2014-12-04,67.96,68.07,66.09,66.4
2014-12-05,66.39,66.87,64.64,65.09
2014-12-08,65.1,65.32,62.26,62.47
2014-12-09,62.49,64.12,62.41,62.95
2014-12-10,62.94,63.23,60.43,61.42
2014-12-11,61.43,61.66,58.84,59.3
2014-12-12,59.29,59.54,56.24,58.18
2014-12-15,58.19,58.71,55.01,55.63
2014-12-16,55.62,57.13,53.6,54.95
2014-12-17,54.94,58.94,54.22,56.5
2014-12-18,56.49,58.71,54.03,54.87
2014-12-19,54.86,58.38,54.41,57.97
2014-12-22,57.96,58.51,55.12,55.98
2014-12-23,55.97,57.53,55.07,56.79
2014-12-24,56.78,56.98,55.06,55.85
2014-12-25,55.81,56.22,55.68,56.08
2014-12-26,56.07,56.57,54.5,55.28
2014-12-29,55.27,55.63,52.89,53.33
2014-12-30,53.32,54.3,52.69,53.55
2014-12-31,53.53,54.0,52.43,53.72
2015-01-01,53.75,55.09,53.6,53.77
2015-01-02,53.76,53.94,51.43,51.79
2015-01-05,51.78,52.11,49.67,50.06
2015-01-06,50.05,50.22,47.55,47.79
2015-01-07,47.78,49.63,46.82,49.03
2015-01-08,49.02,49.59,47.73,49.15
2015-01-09,49.14,49.35,47.15,47.51
2015-01-12,47.52,47.58,45.17,45.28
2015-01-13,45.29,46.76,44.19,45.43
2015-01-14,45.42,49.53,45.0,47.97
2015-01-15,47.96,51.25,45.94,46.7
2015-01-16,46.69,48.83,46.4,48.4
2015-01-19,48.41,48.7,47.36,47.85
2015-01-20,47.86,48.23,46.39,46.88
2015-01-21,46.89,48.18,46.56,47.42
2015-01-22,47.41,49.07,45.86,47.13
2015-01-23,47.12,47.38,44.35,45.03
2015-01-26,45.02,46.35,44.71,45.24
2015-01-27,45.25,46.53,44.8,45.52
2015-01-28,45.51,45.73,44.09,44.39
2015-01-29,44.38,44.94,43.58,44.66
2015-01-30,44.67,48.33,44.3,46.9
2015-02-02,46.89,50.44,46.82,49.86
2015-02-03,49.85,54.21,49.77,52.38
2015-02-04,52.37,52.55,47.94,48.33
2015-02-05,48.34,52.07,47.36,51.14
2015-02-06,51.15,53.28,50.94,52.11
2015-02-09,52.13,53.94,51.65,52.16
2015-02-10,52.15,52.53,49.86,50.46
2015-02-11,50.42,50.71,48.08,49.45
2015-02-12,49.44,51.83,49.4,51.72
2015-02-13,51.73,53.54,51.62,52.73
2015-02-16,52.72,53.22,52.1,53.11
2015-02-17,53.12,54.08,50.8,53.25
2015-02-18,53.26,53.37,50.22,50.64
2015-02-19,50.63,52.45,49.13,52.26
2015-02-20,52.27,52.45,50.23,50.95
2015-02-23,50.94,50.95,48.66,49.48
2015-02-24,49.47,50.31,48.69,49.28
2015-02-25,49.29,51.26,48.47,50.54
2015-02-26,50.53,50.93,47.81,49.06
2015-02-27,49.07,49.9,48.47,49.4
2015-03-02,49.41,51.01,48.7,49.95
2015-03-03,49.94,50.79,49.43,50.53
2015-03-04,50.54,51.97,49.59,51.72
2015-03-05,51.73,52.38,50.61,51.08
2015-03-06,51.09,51.2,48.89,49.35
2015-03-09,49.36,50.77,49.24,50.2
2015-03-10,50.19,50.21,48.19,48.92
2015-03-11,48.93,48.98,47.32,48.07
2015-03-12,48.06,48.74,46.8,47.08
2015-03-13,47.07,47.25,43.57,44.33
2015-03-16,44.34,44.76,42.86,43.69
2015-03-17,43.7,44.18,42.4,42.65
2015-03-18,42.64,45.33,42.03,43.9
2015-03-19,43.89,45.79,42.74,45.64
2015-03-20,45.65,47.38,44.81,46.01
2015-03-23,46.0,47.6,45.32,46.86
2015-03-24,46.85,48.54,46.66,47.39
2015-03-25,47.38,51.93,46.99,50.86
2015-03-26,50.85,52.46,49.8,50.45
2015-03-27,50.44,51.08,47.96,48.12
2015-03-30,48.11,49.13,47.61,47.99
2015-03-31,47.98,48.65,47.11,47.36
2015-04-01,47.38,50.43,47.04,49.58
2015-04-02,49.59,50.25,48.1,49.45
2015-04-03,49.45,50.33,49.45,50.01
2015-04-06,50.02,52.21,49.89,51.69
2015-04-07,51.68,54.1,51.16,52.91
2015-04-08,52.92,53.06,50.37,51.06
2015-04-09,51.05,52.05,50.5,50.72
2015-04-10,50.71,51.96,50.09,51.8
2015-04-13,51.81,53.05,51.51,52.38
2015-04-14,52.39,53.77,52.06,53.56
2015-04-15,53.55,56.67,53.52,56.24
2015-04-16,56.23,57.39,55.07,56.2
2015-04-17,56.19,56.86,55.3,56.49
2015-04-20,56.5,57.92,54.86,57.73
2015-04-21,57.72,58.03,55.87,55.9
2015-04-22,55.91,57.16,55.68,56.28
2015-04-23,56.27,58.38,55.75,57.37
2015-04-24,57.38,57.93,56.49,56.86
2015-04-27,56.87,57.86,56.07,56.14
2015-04-28,56.13,57.81,56.13,56.87
2015-04-29,56.88,59.31,56.53,58.64
2015-04-30,58.65,59.86,58.42,59.71
2015-05-01,59.72,59.86,58.31,59.05
2015-05-04,59.06,59.71,58.44,58.84
2015-05-05,58.83,61.6,58.64,61.59
2015-05-06,61.6,62.56,60.25,60.38
2015-05-07,60.39,61.3,58.48,58.59
2015-05-08,58.6,59.87,58.13,59.26
2015-05-11,59.27,59.84,58.74,59.19
2015-05-12,59.18,61.59,59.11,61.2
2015-05-13,61.21,61.83,59.91,60.19
2015-05-14,60.18,60.81,59.35,59.69
2015-05-15,59.68,59.95,58.41,59.84
2015-05-18,59.83,60.87,59.04,60.25
2015-05-19,60.24,60.33,57.93,58.63
2015-05-20,58.64,59.18,58.1,59.04
2015-05-21,59.05,60.92,59.04,60.56
2015-05-22,60.57,60.75,59.34,59.82
2015-05-25,59.81,60.23,59.09,59.75
2015-05-26,59.73,59.9,57.71,58.39
2015-05-27,58.4,58.93,57.37,57.7
2015-05-28,57.69,58.42,56.5,58.38
2015-05-29,58.37,60.68,57.71,59.82
2015-06-01,59.81,60.6,59.32,60.19
2015-06-02,60.2,61.56,60.11,60.82
2015-06-03,60.81,61.32,59.33,59.55
2015-06-04,59.56,59.92,57.83,58.05
2015-06-05,58.06,59.21,56.83,58.52
2015-06-08,58.53,59.11,57.85,58.34
2015-06-09,58.35,61.05,58.22,60.79
2015-06-10,60.78,61.81,60.47,61.12
2015-06-11,61.11,61.52,60.2,60.45
2015-06-12,60.44,60.49,59.61,59.74
2015-06-15,59.73,60.14,58.72,60.03
2015-06-16,60.04,60.35,59.4,60.04
2015-06-17,60.03,61.35,58.85,59.58
2015-06-18,59.57,60.86,59.24,60.49
2015-06-19,60.48,60.5,58.88,59.88
2015-06-22,59.89,60.62,59.26,60.04
2015-06-23,60.05,61.43,59.55,61.04
2015-06-24,61.05,61.56,59.79,60.28
2015-06-25,60.27,60.44,59.42,59.63
2015-06-26,59.64,59.94,58.62,58.74
2015-06-29,58.75,59.26,57.94,58.12
2015-06-30,58.13,59.67,58.06,58.76
2015-07-01,58.75,58.94,56.68,56.95
2015-07-02,56.94,57.93,56.4,56.71
2015-07-03,56.72,56.77,54.52,54.94
2015-07-06,54.95,55.17,52.4,52.94
2015-07-07,52.93,53.42,50.57,51.93
2015-07-08,51.95,52.84,50.9,52.34
2015-07-09,52.35,53.53,52.08,53.24
2015-07-10,53.23,53.81,51.78,51.91
2015-07-13,51.92,53.15,51.26,51.47
2015-07-14,51.46,53.48,50.88,53.3
2015-07-15,53.31,53.36,51.19,51.92
2015-07-16,51.93,52.15,50.8,50.99
2015-07-17,51.0,51.13,50.13,50.75
2015-07-20,50.76,51.24,49.84,50.27
2015-07-21,50.28,51.39,50.03,50.13
2015-07-22,50.12,50.56,49.03,49.3
2015-07-23,49.31,49.61,48.2,48.77
2015-07-24,48.76,49.02,47.71,48.0
2015-07-27,48.01,48.18,46.91,47.16
2015-07-28,47.15,48.42,46.68,47.85
2015-07-29,47.84,49.5,47.38,48.88
2015-07-30,48.87,49.34,48.12,48.2
2015-07-31,48.21,48.6,46.35,46.85
2015-08-03,46.84,46.85,45.08,45.5
2015-08-04,45.49,46.2,45.43,45.97
2015-08-05,45.98,46.68,44.83,45.12
2015-08-06,45.13,45.2,44.19,44.87
2015-08-07,44.88,45.13,43.37,43.59
2015-08-10,43.58,44.99,43.53,44.71
2015-08-11,44.7,45.32,42.68,42.88
2015-08-12,42.89,43.86,42.79,43.29
2015-08-13,43.3,43.7,41.74,41.97
2015-08-14,41.98,42.93,41.82,41.91
2015-08-17,41.9,42.67,41.62,41.77
2015-08-18,41.76,42.88,41.43,42.46
2015-08-19,42.45,42.67,40.4,40.97
2015-08-20,40.98,41.79,40.5,40.87
2015-08-21,40.86,41.38,38.99,39.46
2015-08-24,39.47,39.57,37.75,38.88
2015-08-25,38.89,39.87,38.6,39.59
2015-08-26,39.6,39.84,38.51,39.45
2015-08-27,39.44,43.44,39.36,42.92
2015-08-28,42.93,45.88,41.78,44.33
2015-08-31,44.32,49.31,43.59,47.76
2015-09-01,47.74,48.84,43.86,44.37
2015-09-02,44.39,46.75,43.2,46.14
2015-09-03,46.15,48.4,45.68,46.56
2015-09-04,46.57,47.2,45.15,45.84
2015-09-07,45.83,45.89,44.13,44.24
2015-09-08,44.25,46.38,44.17,46.17
2015-09-09,46.16,46.23,43.37,43.66
2015-09-10,43.65,46.03,43.64,45.65
2015-09-11,45.66,45.77,44.15,44.44
2015-09-14,44.45,44.71,43.59,44.21
2015-09-15,44.22,45.22,43.91,44.92
2015-09-16,44.93,47.55,44.83,47.11
2015-09-17,47.13,47.69,46.33,46.72
2015-09-18,46.71,47.01,44.24,45.05
2015-09-21,45.04,46.72,45.01,46.35
2015-09-22,46.36,46.63,45.36,46.19
2015-09-23,46.2,47.14,44.4,44.8
2015-09-24,44.79,45.16,43.7,45.01
2015-09-25,45.02,46.33,45.01,45.28
2015-09-28,45.29,45.47,44.29,44.45
2015-09-29,44.44,45.68,44.35,44.72
2015-09-30,44.71,45.82,44.7,45.65
2015-10-01,45.66,47.06,44.62,45.22
2015-10-02,45.21,45.93,43.97,45.84
2015-10-05,45.85,46.89,45.64,46.24
2015-10-06,46.25,49.33,45.72,49.21
2015-10-07,49.2,49.69,47.71,47.84
2015-10-08,47.83,50.02,47.81,49.86
2015-10-09,49.87,50.9,49.17,50.04
2015-10-12,50.05,50.11,47.03,47.47
2015-10-13,47.48,48.42,46.44,46.76
2015-10-14,46.75,46.94,45.93,46.58
2015-10-15,46.57,47.03,45.22,46.89
2015-10-16,46.88,47.48,46.16,47.07
2015-10-19,47.06,47.12,45.84,46.42
2015-10-20,46.41,46.91,45.71,45.99
2015-10-21,45.98,46.06,44.86,45.44
2015-10-22,45.46,46.08,44.9,45.57
2015-10-23,45.56,45.73,44.2,44.72
2015-10-26,44.73,44.92,43.32,43.46
2015-10-27,43.45,43.73,42.58,43.2
2015-10-28,43.21,46.2,43.06,45.7
2015-10-29,45.71,46.74,45.16,45.89
2015-10-30,45.9,47.01,45.47,46.34
2015-11-02,46.33,46.71,45.56,46.31
2015-11-03,46.3,48.34,45.96,47.72
2015-11-04,47.71,48.26,46.16,46.41
2015-11-05,46.42,46.63,45.11,45.46
2015-11-06,45.44,45.62,44.1,44.65
2015-11-09,44.64,45.09,43.63,44.15
2015-11-10,44.14,44.73,43.54,43.75
2015-11-11,43.74,44.09,42.61,43.13
2015-11-12,43.14,43.24,41.38,41.53
2015-11-13,41.54,42.19,40.21,41.08
2015-11-16,41.09,42.23,40.05,41.71
2015-11-17,41.72,42.01,40.56,40.98
2015-11-18,40.99,41.53,39.9,40.87
2015-11-19,40.88,41.99,39.88,41.91
2015-11-20,41.9,42.74,40.95,41.13
2015-11-23,41.12,42.73,40.4,41.92
2015-11-24,41.91,43.44,41.86,42.85
2015-11-25,42.86,43.28,41.73,43.21
2015-11-26,43.22,43.22,42.28,42.53
2015-11-27,42.54,42.55,41.66,41.78
2015-11-30,41.77,42.59,41.49,41.92
2015-12-01,41.93,42.2,41.16,41.54
2015-12-02,41.53,41.95,39.83,40.34
2015-12-03,40.33,41.76,40.1,41.38
2015-12-04,41.39,41.98,39.37,39.56
2015-12-07,39.57,39.74,37.49,37.74
2015-12-08,37.73,38.57,36.62,38.21
2015-12-09,38.22,38.97,36.86,37.41
2015-12-10,37.4,37.52,36.38,36.48
2015-12-11,36.47,36.82,35.16,35.45
2015-12-14,35.44,36.68,34.52,36.24
2015-12-15,36.23,37.86,36.02,37.07
2015-12-16,37.08,37.33,35.28,35.42
2015-12-17,35.41,35.73,34.62,34.78
2015-12-18,34.79,36.03,34.27,35.71
2015-12-21,35.7,36.12,35.34,36.04
2015-12-22,36.05,36.54,35.65,36.4
2015-12-23,36.41,37.91,36.36,37.67
2015-12-24,37.66,38.26,37.37,38.1
2015-12-25,38.02,38.07,37.76,37.78
2015-12-28,37.79,37.79,36.6,36.82
2015-12-29,36.81,37.92,36.8,37.12
2015-12-30,37.13,37.25,36.4,36.62
2015-12-31,36.63,37.76,36.22,37.06
2016-01-01,37.85,38.27,37.46,37.8
2016-01-04,37.79,38.37,36.33,37.04
2016-01-05,37.05,37.05,35.73,36.03
2016-01-06,36.02,36.09,32.76,33.15
2016-01-07,33.16,34.3,32.09,33.84
2016-01-08,33.85,34.09,32.32,32.48
2016-01-11,32.49,33.19,30.71,30.72
2016-01-12,30.73,32.19,29.92,30.96
2016-01-13,30.95,31.69,30.09,30.54
2016-01-14,30.55,31.74,30.52,30.58
2016-01-15,30.57,30.64,28.36,29.01
2016-01-18,29.02,29.83,28.62,29.36
2016-01-19,29.37,30.18,28.21,28.85
2016-01-20,28.84,29.17,27.54,28.31
2016-01-21,28.3,30.22,27.86,29.9
2016-01-22,29.91,32.61,29.83,32.49
2016-01-25,32.48,32.72,29.53,29.56
2016-01-26,29.55,32.39,29.24,30.89
2016-01-27,30.88,32.82,30.13,31.94
2016-01-28,31.97,34.79,31.73,33.62
2016-01-29,33.63,34.38,32.64,33.08
2016-02-01,33.07,33.34,30.82,30.92
2016-02-02,30.93,31.26,29.39,29.66
2016-02-03,29.67,32.85,29.61,32.45
2016-02-04,32.44,33.58,31.41,31.7
2016-02-05,31.69,32.41,30.62,31.13
2016-02-08,31.14,31.36,29.56,29.96
2016-02-09,29.95,30.59,27.72,28.59
2016-02-10,28.6,29.18,26.71,26.96
2016-02-11,26.97,27.74,26.04,27.64
2016-02-12,27.63,29.64,26.95,29.18
2016-02-15,29.19,30.92,29.0,30.74
2016-02-16,30.75,31.49,28.7,29.19
2016-02-17,29.18,31.68,28.72,31.25
2016-02-18,31.26,31.94,30.26,30.43
2016-02-19,30.44,32.46,29.04,32.32
2016-02-22,32.31,33.82,32.23,32.94
2016-02-23,32.93,33.5,31.09,31.17
2016-02-24,31.18,32.38,30.54,31.98
2016-02-25,31.97,33.46,31.06,32.96
2016-02-26,32.97,34.67,32.53,32.9
2016-02-29,32.89,34.0,32.31,33.85
2016-03-01,33.84,34.74,33.36,33.95
2016-03-02,33.94,35.12,33.55,34.78
2016-03-03,34.79,35.3,34.18,34.81
2016-03-04,34.82,36.7,34.4,36.59
2016-03-07,36.6,38.09,36.08,37.53
2016-03-08,37.52,38.37,36.14,36.59
2016-03-09,36.58,38.43,36.52,38.22
2016-03-10,38.23,38.81,37.2,38.67
2016-03-11,38.68,39.0,38.13,38.38
2016-03-14,38.37,38.43,36.67,36.91
2016-03-15,36.9,37.04,35.95,36.88
2016-03-16,36.89,39.36,36.6,39.08
2016-03-17,39.09,40.53,38.68,40.26
2016-03-18,40.27,41.19,39.26,40.73
2016-03-21,40.72,41.78,40.4,41.45
2016-03-22,41.44,41.86,40.76,41.05
2016-03-23,41.06,41.26,39.45,39.68
2016-03-24,39.67,39.7,38.33,39.57
2016-03-25,39.53,39.87,39.53,39.75
2016-03-28,39.76,40.12,38.85,39.14
2016-03-29,39.13,39.17,37.9,38.56
2016-03-30,38.57,39.82,37.73,37.84
2016-03-31,37.83,39.02,37.57,38.02
2016-04-01,38.03,38.36,36.17,36.36
2016-04-04,36.37,37.19,35.26,35.53
2016-04-05,35.54,36.9,35.23,36.83
2016-04-06,36.84,38.27,36.55,38.14
2016-04-07,38.15,38.19,36.68,37.99
2016-04-08,38.0,40.3,37.96,39.84
2016-04-11,39.85,40.73,39.24,40.22
2016-04-12,40.23,42.23,40.08,41.75
2016-04-13,41.76,42.4,41.14,41.18
2016-04-14,41.17,42.14,40.83,41.57
2016-04-15,41.56,41.67,37.62,38.47
2016-04-18,38.46,40.23,38.1,39.67
2016-04-19,39.68,42.52,39.61,41.43
2016-04-20,41.44,44.39,41.29,44.25
2016-04-21,44.26,44.47,43.04,43.69
2016-04-22,43.7,44.43,42.94,43.14
2016-04-25,43.13,44.02,42.57,42.83
2016-04-26,42.85,44.81,42.49,44.45
2016-04-27,44.46,45.59,43.76,45.11
2016-04-28,45.1,46.12,44.94,46.03
2016-04-29,46.02,46.76,45.23,45.46
2016-05-02,45.45,46.12,44.53,45.09
2016-05-03,45.08,45.33,43.31,43.65
2016-05-04,43.67,44.86,43.21,44.68
2016-05-05,44.67,46.05,43.95,44.03
2016-05-06,44.02,45.92,43.53,45.41
2016-05-09,45.42,45.75,43.02,43.42
2016-05-10,43.41,44.78,43.17,44.41
2016-05-11,44.4,46.34,43.95,46.13
2016-05-12,46.12,47.01,45.6,46.18
2016-05-13,46.19,46.98,45.74,46.78
2016-05-16,46.79,48.26,46.74,48.21
2016-05-17,48.22,48.72,47.52,48.46
2016-05-18,48.45,48.92,47.4,47.52
2016-05-19,47.51,49.27,46.73,49.18
2016-05-20,49.16,49.22,47.94,48.13
2016-05-23,48.12,48.25,47.4,47.89
2016-05-24,47.88,49.33,47.63,49.26
2016-05-25,49.25,49.9,48.64,49.85
2016-05-26,49.84,50.19,49.06,49.13
2016-05-27,49.12,49.7,48.69,49.26
2016-05-30,49.27,49.74,49.06,49.52
2016-05-31,49.51,50.09,48.6,48.66
2016-06-01,48.65,49.24,47.74,48.91
2016-06-02,48.9,49.45,47.96,49.15
2016-06-03,49.14,49.38,48.32,49.07
2016-06-06,49.06,49.88,48.95,49.52
2016-06-07,49.51,50.51,49.5,50.46
2016-06-08,50.47,51.65,50.31,51.53
2016-06-09,51.54,51.61,50.22,50.38
2016-06-10,50.37,50.41,48.2,48.47
2016-06-13,48.46,49.26,48.14,48.34
2016-06-14,48.33,48.67,47.55,47.79
2016-06-15,47.8,48.7,47.27,47.54
2016-06-16,47.53,47.6,45.83,46.58
2016-06-17,46.57,48.57,46.5,48.55
2016-06-20,48.56,49.94,48.4,49.77
2016-06-21,49.76,50.43,48.84,50.11
2016-06-22,50.12,50.52,48.4,49.42
2016-06-23,49.41,50.43,46.73,46.99
2016-06-24,46.97,48.43,46.84,47.39
2016-06-27,47.4,47.94,45.82,46.91
2016-06-28,46.9,48.37,46.78,48.16
2016-06-29,48.17,49.98,48.02,49.41
2016-06-30,49.42,49.58,48.16,48.59
2016-07-01,48.58,49.28,47.89,48.95
2016-07-04,48.97,49.33,48.25,48.35
2016-07-05,48.36,48.4,46.14,46.33
2016-07-06,46.34,47.92,45.92,47.5
2016-07-07,47.51,48.23,44.87,45.56
2016-07-08,45.57,45.95,44.76,45.02
2016-07-11,45.01,45.75,44.41,44.73
2016-07-12,44.72,46.91,44.66,46.39
2016-07-13,46.4,46.66,44.56,45.38
2016-07-14,45.39,45.78,44.94,45.51
2016-07-15,45.5,46.31,45.04,46.01
2016-07-18,46.02,46.06,44.85,45.08
2016-07-19,45.09,45.65,44.53,45.59
2016-07-20,45.6,46.07,44.54,45.86
2016-07-21,45.87,46.07,44.52,44.67
2016-07-22,44.66,44.95,43.73,44.11
2016-07-25,44.1,44.29,42.95,43.25
2016-07-26,43.26,43.26,42.35,42.84
2016-07-27,42.85,43.18,41.67,42.08
2016-07-28,42.07,42.2,40.94,41.08
2016-07-29,41.07,41.81,40.56,41.73
2016-08-01,41.74,41.86,39.81,40.18
2016-08-02,40.17,40.89,39.25,39.75
2016-08-03,39.74,41.39,39.19,41.12
2016-08-04,41.13,42.06,40.42,41.56
2016-08-05,41.57,42.08,41.05,41.88
2016-08-08,41.89,43.37,41.86,42.62
2016-08-09,42.61,43.5,42.47,42.71
2016-08-10,42.7,43.37,41.27,41.5
2016-08-11,41.49,43.84,41.09,43.76
2016-08-12,43.75,44.93,43.3,44.82
2016-08-15,44.83,45.91,44.37,45.44
2016-08-16,45.45,46.71,45.33,46.36
2016-08-17,46.37,46.93,45.88,46.73
2016-08-18,46.74,48.37,46.71,48.31
2016-08-19,48.32,49.1,47.92,48.63
2016-08-22,48.62,48.63,46.61,46.76
2016-08-23,46.77,48.3,46.59,47.54
2016-08-24,47.55,47.69,46.44,46.74
2016-08-25,46.73,47.44,46.41,47.24
2016-08-26,47.25,48.44,46.93,47.06
2016-08-29,47.07,47.21,46.61,47.09
2016-08-30,47.13,47.47,45.75,46.3
2016-08-31,46.31,46.39,44.5,44.93
2016-09-01,44.94,45.05,42.99,43.33
2016-09-02,43.34,44.66,43.15,44.07
2016-09-05,44.08,46.52,44.07,45.36
2016-09-06,45.37,45.4,43.84,45.17
2016-09-07,45.19,46.4,44.54,46.27
2016-09-08,46.28,47.72,45.77,47.21
2016-09-09,47.2,47.26,45.02,45.1
2016-09-12,45.11,46.5,44.72,45.84
2016-09-13,45.83,45.91,44.76,45.11
2016-09-14,45.1,45.31,43.42,43.64
2016-09-15,43.65,44.32,43.25,43.66
2016-09-16,43.65,43.9,42.73,43.83
2016-09-19,43.84,44.13,43.19,43.61
2016-09-20,43.62,45.11,43.05,44.84
2016-09-21,44.85,45.86,44.69,45.73
2016-09-22,45.75,46.5,45.6,45.81
2016-09-23,45.8,46.54,44.21,44.79
2016-09-26,44.78,46.18,44.43,45.87
2016-09-27,45.86,45.92,44.18,44.64
2016-09-28,44.63,47.45,44.35,47.12
2016-09-29,47.13,48.3,46.59,47.54
2016-09-30,47.53,48.28,47.03,47.97
2016-10-03,47.93,49.0,47.85,48.53
2016-10-04,48.54,49.28,48.25,49.13
2016-10-05,49.14,49.95,49.12,49.47
2016-10-06,49.46,50.61,49.31,50.39
2016-10-07,50.4,50.73,49.14,49.34
2016-10-10,49.35,51.58,49.24,51.24
2016-10-11,51.25,51.5,50.38,50.87
2016-10-12,50.88,51.15,49.61,49.77
2016-10-13,49.76,50.77,49.35,50.66
2016-10-14,50.67,51.12,49.89,50.2
2016-10-17,50.19,50.56,49.46,50.24
2016-10-18,50.23,50.94,49.75,50.76
2016-10-19,50.75,51.92,50.72,51.61
2016-10-20,51.62,51.65,50.32,50.34
2016-10-21,50.35,51.0,50.2,50.57
2016-10-24,50.56,50.96,49.61,50.44
2016-10-25,50.45,50.91,49.2,49.28
2016-10-26,49.27,50.08,48.86,49.23
2016-10-27,49.24,50.04,48.99,49.74
2016-10-28,49.75,49.78,48.19,48.48
2016-10-31,48.49,48.72,46.62,46.92
2016-11-01,46.91,47.33,46.18,46.23
2016-11-02,46.24,46.43,44.96,45.75
2016-11-03,45.74,45.86,44.35,44.77
2016-11-04,44.78,44.82,43.56,44.56
2016-11-07,44.57,44.99,44.1,44.85
2016-11-08,44.86,45.37,43.08,43.34
2016-11-09,43.33,45.93,43.24,45.08
2016-11-10,45.07,45.62,44.25,44.5
2016-11-11,44.51,44.61,43.04,43.37
2016-11-14,43.38,44.24,42.19,44.17
2016-11-15,44.18,46.07,44.03,45.71
2016-11-16,45.7,46.38,45.03,45.41
2016-11-17,45.42,46.55,44.84,45.13
2016-11-18,45.12,47.0,44.55,46.98
2016-11-21,46.99,48.79,46.76,48.76
2016-11-22,48.77,49.18,47.16,47.86
2016-11-23,47.87,48.4,47.39,48.0
2016-11-24,47.99,48.24,47.57,47.6
2016-11-25,47.59,47.7,45.13,46.08
2016-11-28,46.07,47.63,45.35,46.73
2016-11-29,46.74,46.85,44.82,45.46
2016-11-30,45.47,49.88,45.43,49.8
2016-12-01,49.81,51.78,49.07,50.67
2016-12-02,50.66,51.71,50.17,51.29
2016-12-05,51.28,52.39,50.93,51.24
2016-12-06,51.23,51.58,50.27,50.64
2016-12-07,50.63,51.18,49.71,49.89
2016-12-08,49.88,51.08,49.6,51.03
2016-12-09,51.02,54.49,50.94,53.92
2016-12-12,53.93,54.47,52.17,52.63
2016-12-13,52.62,53.39,52.1,52.26
2016-12-14,52.25,52.75,50.66,50.98
2016-12-15,50.97,51.45,49.94,51.22
2016-12-16,51.21,52.51,50.49,52.31
2016-12-19,52.32,53.21,51.5,52.99
2016-12-20,52.98,53.75,52.83,53.45
2016-12-21,53.46,53.77,52.31,52.6
2016-12-22,52.62,53.17,52.07,52.69
2016-12-23,52.68,53.26,52.25,53.25
2016-12-26,53.28,53.32,53.02,53.13
2016-12-27,53.12,54.08,53.03,53.77
2016-12-28,53.76,54.34,53.45,53.75
2016-12-29,53.76,54.18,53.58,53.93
2016-12-30,53.94,54.05,53.4,53.88
2017-01-02,54.19,54.19,53.94,54.04
2017-01-03,54.03,55.22,52.11,52.72
2017-01-04,52.73,53.4,52.14,53.18
2017-01-05,53.19,54.1,52.79,53.68
2017-01-06,53.69,54.3,53.31,53.73
2017-01-09,53.71,53.76,51.75,52.04
2017-01-10,52.03,52.35,50.71,50.95
2017-01-11,50.96,52.76,50.74,52.13
2017-01-12,52.14,53.48,52.11,53.07
2017-01-13,53.06,53.1,52.27,52.5
2017-01-16,52.49,52.7,52.11,52.44
2017-01-17,52.46,53.5,52.23,52.64
2017-01-18,52.63,52.77,50.9,51.47
2017-01-19,51.48,52.34,51.01,52.29
2017-01-20,52.3,53.65,52.12,53.12
2017-01-23,53.11,53.21,52.21,52.97
2017-01-24,52.96,53.54,52.66,53.0
2017-01-25,52.99,53.45,52.55,53.19
2017-01-26,53.18,54.04,52.78,53.76
2017-01-27,53.75,54.06,52.58,52.93
2017-01-30,52.92,53.44,52.32,52.39
2017-01-31,52.38,53.55,52.23,52.7
2017-02-01,52.71,53.9,52.65,53.56
2017-02-02,53.55,54.31,53.35,53.81
2017-02-03,53.82,54.2,53.39,54.0
2017-02-06,53.99,54.11,52.9,53.12
2017-02-07,53.13,53.14,51.21,51.57
2017-02-08,51.56,52.65,51.49,52.58
2017-02-09,52.57,53.2,52.52,53.03
2017-02-10,53.04,54.11,52.89,53.78
2017-02-13,53.77,53.87,52.76,53.04
2017-02-14,53.05,53.7,52.77,52.84
2017-02-15,52.85,53.49,52.72,53.04
2017-02-16,53.03,53.57,52.67,53.41
2017-02-17,53.42,53.51,52.88,53.35
2017-02-20,53.42,53.51,52.88,53.35
2017-02-21,53.42,53.51,52.88,53.35
2017-02-22,53.42,53.51,52.88,53.35
2017-02-23,53.42,53.51,52.88,53.35
2017-02-24,54.01,54.24,53.93,54.22
2017-02-27,54.23,54.58,53.97,54.19
2017-02-28,54.2,54.21,53.17,54.07
2017-03-01,54.08,54.41,53.52,53.52
2017-03-02,53.51,53.78,52.53,52.66
2017-03-03,52.65,53.38,52.56,53.08
2017-03-06,53.09,53.54,52.75,53.17
2017-03-07,53.16,53.78,52.71,52.78
2017-03-08,52.79,52.89,50.04,50.58
2017-03-09,50.57,50.81,48.59,49.62
2017-03-10,49.63,50.1,47.9,48.06
2017-03-13,48.07,48.66,47.95,48.41
2017-03-14,48.42,48.84,47.08,48.53
2017-03-15,48.54,49.18,48.15,49.12
2017-03-16,49.11,49.6,48.44,48.85
2017-03-17,48.84,49.18,48.25,48.35
2017-03-20,48.33,49.14,47.83,49.09
2017-03-21,49.1,49.45,47.98,48.1
2017-03-22,48.11,48.42,47.03,48.37
2017-03-23,48.36,48.46,47.57,47.82
2017-03-24,47.81,48.26,47.53,47.84
2017-03-27,47.83,47.98,47.07,47.96
2017-03-28,47.97,48.73,47.89,48.57
2017-03-29,48.56,49.63,48.37,49.55
2017-03-30,49.56,50.45,49.27,50.17
2017-03-31,50.15,50.81,49.89,50.5
2017-04-03,50.51,50.81,50.11,50.24
2017-04-04,50.25,51.33,49.87,51.3
2017-04-05,51.29,51.86,50.73,50.9
2017-04-06,50.89,52.92,50.8,52.47
2017-04-07,52.46,52.66,51.48,52.39
2017-04-10,52.38,53.22,52.35,53.07
2017-04-11,53.06,53.58,52.69,53.54
2017-04-12,53.55,53.74,52.7,53.01
2017-04-13,53.0,53.37,52.85,52.91
2017-04-14,52.96,53.06,52.62,52.73
2017-04-17,52.74,53.19,52.5,52.56
2017-04-18,52.57,52.83,52.1,52.3
2017-04-19,52.29,52.61,50.07,51.1
2017-04-20,51.09,51.36,50.49,50.71
2017-04-21,50.72,50.91,49.19,49.86
2017-04-24,49.87,50.2,49.02,49.47
2017-04-25,49.46,49.81,48.86,49.43
2017-04-26,49.42,50.18,48.94,49.35
2017-04-27,49.34,49.4,48.2,49.39
2017-04-28,49.4,49.74,48.79,49.23
2017-05-01,49.22,49.26,48.57,48.75
2017-05-02,48.76,49.26,47.35,48.05
2017-05-03,48.07,48.21,47.29,47.71
2017-05-04,47.72,47.72,43.75,44.21
2017-05-05,44.22,46.96,44.05,46.83
2017-05-08,46.84,46.85,45.71,46.47
2017-05-09,46.46,46.76,45.52,46.16
2017-05-10,46.15,47.76,46.01,47.52
2017-05-11,47.51,48.2,47.48,47.91
2017-05-12,47.9,48.67,47.34,48.53
2017-05-15,48.54,49.64,48.5,49.01
2017-05-16,49.0,49.36,48.02,48.15
2017-05-17,48.16,49.48,48.15,48.9
2017-05-18,48.89,49.86,48.04,49.72
2017-05-19,49.71,51.23,49.5,51.15
2017-05-22,51.17,51.41,50.74,50.9
2017-05-23,50.91,51.76,50.57,51.53
2017-05-24,51.54,51.9,51.02,51.71
2017-05-25,51.72,51.98,48.24,48.46
2017-05-26,48.47,50.02,48.17,49.59
2017-05-29,49.6,50.27,49.5,49.86
2017-05-30,49.85,49.91,49.02,49.35
2017-05-31,49.34,49.37,47.73,48.72
2017-06-01,48.73,49.15,47.8,48.08
2017-06-02,48.07,48.4,46.73,48.23
2017-06-05,48.24,48.37,46.85,47.12
2017-06-06,47.13,48.38,47.06,48.15
2017-06-07,48.14,48.16,45.64,45.96
2017-06-08,45.95,46.16,45.2,45.59
2017-06-09,45.6,46.16,45.26,46.09
2017-06-12,46.1,46.69,45.65,46.24
2017-06-13,46.23,46.55,45.55,45.97
2017-06-14,45.98,46.46,44.45,44.67
2017-06-15,44.68,44.79,44.22,44.43
2017-06-16,44.42,44.92,44.42,44.6
2017-06-19,44.59,45.04,44.08,44.45
2017-06-20,44.44,44.67,42.93,43.42
2017-06-21,43.43,44.18,42.04,42.51
2017-06-22,42.5,43.3,42.25,42.86
2017-06-23,42.85,43.57,42.52,43.52
2017-06-26,43.53,43.63,42.62,43.52
2017-06-27,43.51,44.42,43.4,44.11
2017-06-28,44.12,45.01,43.79,44.92
2017-06-29,44.93,45.43,44.64,45.18
2017-06-30,45.17,46.35,45.06,46.2
2017-07-03,46.19,47.1,45.91,46.83
2017-07-04,46.82,47.3,46.73,46.96
2017-07-05,46.95,47.22,44.55,45.44
2017-07-06,45.42,46.51,44.63,44.92
2017-07-07,44.91,45.04,43.77,44.56
2017-07-10,44.55,44.82,43.64,44.56
2017-07-11,44.55,45.87,43.82,45.76
2017-07-12,45.77,46.44,45.11,45.47
2017-07-13,45.48,46.26,44.98,45.98
2017-07-14,45.97,46.72,45.78,46.65
2017-07-17,46.66,46.86,45.88,46.07
2017-07-18,46.08,46.9,45.8,46.32
2017-07-19,46.31,47.34,46.13,47.26
2017-07-20,47.25,47.72,46.8,46.93
2017-07-21,46.94,47.19,45.54,45.81
2017-07-24,45.82,46.69,45.39,46.6
2017-07-25,46.59,48.65,46.46,48.35
2017-07-26,48.36,48.84,47.85,48.67
2017-07-27,48.68,49.22,48.24,48.88
2017-07-28,48.87,50.01,48.85,49.89
2017-07-31,49.88,50.39,49.17,50.23
2017-08-01,50.24,50.41,48.35,48.71
2017-08-02,48.7,49.63,48.54,49.42
2017-08-03,49.43,49.94,48.77,48.93
2017-08-04,48.92,49.68,48.49,49.46
2017-08-07,49.45,49.49,48.53,49.18
2017-08-08,49.19,49.76,48.86,48.99
2017-08-09,49.0,49.7,48.91,49.55
2017-08-10,49.54,50.2,48.19,48.3
2017-08-11,48.31,48.96,47.98,48.82
2017-08-14,48.81,49.14,47.42,47.64
2017-08-15,47.65,47.84,47.01,47.73
2017-08-16,47.74,47.96,46.66,46.9
2017-08-17,46.89,47.17,46.45,47.03
2017-08-18,47.02,48.73,46.77,48.5
2017-08-21,48.49,48.72,47.02,47.71
2017-08-22,47.72,48.19,47.35,47.7
2017-08-23,47.71,48.48,47.53,48.37
2017-08-24,48.36,48.41,47.05,47.75
2017-08-25,47.76,48.14,47.39,47.66
2017-08-28,47.67,47.7,46.14,46.79
2017-08-29,46.78,46.94,45.75,46.29
2017-08-30,46.3,46.7,45.58,45.94
2017-08-31,45.95,47.45,45.87,46.93
2017-09-01,46.94,47.49,46.55,47.43
2017-09-04,47.42,47.63,47.15,47.37
2017-09-05,47.38,48.97,47.36,48.55
2017-09-06,48.54,49.4,48.53,49.05
2017-09-07,49.06,49.31,48.62,49.19
2017-09-08,49.2,49.23,47.27,47.83
2017-09-11,47.84,48.25,46.99,48.0
2017-09-12,47.99,48.42,47.72,48.22
2017-09-13,48.23,49.38,48.11,49.19
2017-09-14,49.2,50.48,49.14,49.7
2017-09-15,49.71,50.11,49.4,49.88
2017-09-18,49.89,50.31,49.18,49.9
2017-09-19,49.89,50.41,49.32,50.24
2017-09-20,50.23,51.09,50.13,50.72
2017-09-21,50.71,50.79,50.06,50.6
2017-09-22,50.61,50.76,50.28,50.51
2017-09-25,50.52,52.41,50.38,52.34
2017-09-26,52.33,52.35,51.42,52.12
2017-09-27,52.13,52.32,51.63,51.95
2017-09-28,51.94,52.84,51.21,51.49
2017-09-29,51.5,51.75,51.24,51.5
2017-10-02,51.49,51.61,50.06,50.4
2017-10-03,50.39,50.71,49.9,49.98
2017-10-04,49.99,50.64,49.76,49.94
2017-10-05,49.93,51.18,49.86,50.74
2017-10-06,50.73,50.8,49.09,49.41
2017-10-09,49.42,49.76,49.12,49.63
2017-10-10,49.62,51.13,49.55,51.07
2017-10-11,51.06,51.4,50.6,51.03
2017-10-12,51.02,51.06,50.14,50.87
2017-10-13,50.88,51.97,50.88,51.87
2017-10-16,51.88,52.35,51.6,51.8
2017-10-17,51.79,52.23,51.2,52.08
2017-10-18,52.07,52.31,51.68,51.96
2017-10-19,51.95,52.04,51.06,51.58
2017-10-20,51.59,52.22,50.86,52.08
2017-10-23,52.09,52.28,51.67,51.99
2017-10-24,51.98,52.59,51.54,52.41
2017-10-25,52.42,52.43,51.88,52.09
2017-10-26,52.08,52.84,51.91,52.61
2017-10-27,52.6,54.17,52.24,53.94
2017-10-30,53.93,54.44,53.74,54.03
2017-10-31,54.04,54.82,53.92,54.59
2017-11-01,54.58,55.2,53.88,54.28
2017-11-02,54.29,55.01,53.98,54.78
2017-11-03,54.79,55.97,54.4,55.73
2017-11-06,55.74,57.59,55.64,57.31
2017-11-07,57.33,57.67,56.83,56.97
2017-11-08,56.96,57.9,56.41,56.85
2017-11-09,56.84,57.51,56.68,57.03
2017-11-10,57.04,57.33,56.54,56.78
2017-11-13,56.79,57.13,56.29,56.61
2017-11-14,56.62,56.65,54.8,55.02
2017-11-15,55.03,55.54,54.9,55.34
2017-11-16,55.35,55.6,54.92,55.25
2017-11-17,55.26,56.85,55.25,56.74
2017-11-20,56.75,56.91,55.73,56.43
2017-11-21,56.42,57.78,56.32,57.69
2017-11-22,57.7,58.13,57.32,57.87
2017-11-23,57.88,58.56,57.74,58.44
2017-11-24,58.45,59.02,58.4,58.68
2017-11-27,58.69,58.72,57.54,57.75
2017-11-28,57.77,58.09,57.41,57.66
2017-11-29,57.67,58.28,56.75,57.44
2017-11-30,57.45,57.96,56.84,57.56
2017-12-01,57.55,58.86,57.53,57.91
2017-12-04,57.9,58.0,57.34,57.56
2017-12-05,57.57,57.9,57.07,57.37
2017-12-06,57.36,57.55,55.86,56.14
2017-12-07,56.13,56.76,55.81,56.65
2017-12-08,56.64,57.77,56.53,57.14
2017-12-11,57.13,58.36,56.9,58.35
2017-12-12,58.34,58.54,56.84,57.46
2017-12-13,57.45,57.81,56.54,56.68
2017-12-14,56.67,57.21,56.08,57.17
2017-12-15,57.18,57.46,56.93,57.38
2017-12-18,57.39,57.77,56.81,57.32
2017-12-19,57.31,57.77,57.27,57.71
2017-12-20,57.72,58.1,57.43,57.99
2017-12-21,58.0,58.37,57.62,58.18
2017-12-22,58.17,58.49,57.86,58.36
2017-12-25,58.39,58.63,58.37,58.48
2017-12-26,58.49,59.99,58.31,59.75
2017-12-27,59.76,59.91,59.32,59.74
2017-12-28,59.75,60.3,59.43,60.26
2017-12-29,60.27,60.49,59.93,60.1
2018-01-01,60.21,60.71,60.13,60.57
2018-01-02,60.58,60.72,60.1,60.37
2018-01-03,60.36,62.12,60.27,62.1
2018-01-04,62.09,62.19,61.59,61.98
2018-01-05,61.97,62.01,61.09,61.58
2018-01-08,61.57,62.54,61.32,62.18
2018-01-09,62.19,63.51,61.79,63.46
2018-01-10,63.45,63.66,63.08,63.5
2018-01-11,63.49,64.75,63.43,63.61
2018-01-12,63.6,64.56,63.05,64.46
2018-01-15,64.48,64.87,64.09,64.5
2018-01-16,64.49,64.53,63.38,63.64
2018-01-17,63.65,64.33,63.3,64.22
2018-01-18,64.21,64.23,62.83,63.19
2018-01-19,63.18,63.74,62.92,63.43
2018-01-22,63.42,64.11,63.04,63.95
2018-01-23,63.94,64.85,63.69,64.43
2018-01-24,64.42,66.33,64.35,66.25
2018-01-25,66.24,66.64,64.92,65.32
2018-01-26,65.31,66.45,65.28,66.35
2018-01-29,66.34,66.38,64.77,64.8
2018-01-30,64.79,65.17,63.66,63.94
2018-01-31,63.95,64.98,63.83,64.84
2018-02-01,64.85,66.28,64.62,66.06
2018-02-02,66.07,66.23,64.46,64.77
2018-02-05,64.76,65.38,63.28,63.33
2018-02-06,63.32,64.27,63.11,63.95
2018-02-07,63.96,63.96,61.24,61.43
2018-02-08,61.44,62.07,60.26,60.51
2018-02-09,60.52,60.75,58.06,59.83
2018-02-12,59.82,60.77,59.2,59.59
2018-02-13,59.6,59.7,58.39,59.15
2018-02-14,59.14,61.39,58.19,61.26
2018-02-15,61.27,61.8,59.72,61.69
2018-02-16,61.68,62.52,60.87,62.48
2018-02-19,62.47,62.63,61.95,62.26
2018-02-20,62.25,62.41,61.03,61.04
2018-02-21,61.05,61.84,60.75,61.02
2018-02-22,61.03,63.07,60.96,62.73
2018-02-23,62.72,63.88,62.32,63.76
2018-02-26,63.77,64.21,63.05,63.76
2018-02-27,63.75,63.91,62.52,62.68
2018-02-28,62.69,63.4,61.35,61.71
2018-03-01,61.7,61.82,60.18,60.96
2018-03-02,60.95,61.72,60.13,61.4
2018-03-05,61.39,62.86,61.1,62.66
2018-03-06,62.67,63.25,61.82,62.15
2018-03-07,62.14,62.56,60.57,61.25
2018-03-08,61.26,61.36,59.95,60.23
2018-03-09,60.24,62.32,60.17,62.1
2018-03-12,62.09,62.1,60.66,61.21
2018-03-13,61.22,61.95,60.26,60.8
2018-03-14,60.79,61.31,60.11,61.05
2018-03-15,61.06,61.52,60.81,61.14
2018-03-16,61.13,62.52,61.07,61.99
2018-03-19,61.98,62.38,61.35,62.33
2018-03-20,62.34,63.96,62.32,63.68
2018-03-21,63.69,65.7,63.57,65.18
2018-03-22,65.17,65.38,64.1,64.97
2018-03-23,64.98,66.53,64.39,65.66
2018-03-26,65.65,65.96,65.06,65.88
2018-03-27,65.87,66.4,64.53,64.73
2018-03-28,64.74,65.11,63.71,64.65
2018-03-29,64.66,65.24,64.15,64.89
2018-03-30,64.88,65.34,64.87,65.17
2018-04-02,65.16,65.4,62.81,63.1
2018-04-03,63.09,63.84,63.01,63.31
2018-04-04,63.32,63.77,62.05,63.67
2018-04-05,63.66,64.1,62.81,63.12
2018-04-06,63.11,63.66,61.8,62.3
2018-04-09,62.31,63.92,62.08,63.75
2018-04-10,63.76,65.84,63.74,65.36
2018-04-11,65.34,67.41,65.14,67.17
2018-04-12,67.16,67.22,65.99,66.87
2018-04-13,66.86,67.74,66.62,66.78
2018-04-16,66.79,66.96,66.12,66.51
2018-04-17,66.5,66.91,65.55,66.83
2018-04-18,66.82,68.94,66.81,68.88
2018-04-19,68.87,69.54,67.96,68.26
2018-04-20,68.27,68.64,67.48,68.32
2018-04-23,68.33,69.07,67.13,68.94
2018-04-24,68.93,69.35,67.48,67.73
2018-04-25,67.72,68.42,67.1,68.4
2018-04-26,68.39,68.76,67.71,67.94
2018-04-27,67.95,68.34,67.64,67.84
2018-04-30,67.85,69.32,67.16,68.78
2018-05-01,68.8,68.82,66.84,67.55
2018-05-02,67.54,68.12,66.91,67.81
2018-05-03,67.82,68.63,67.2,68.34
2018-05-04,68.35,70.67,68.12,70.42
2018-05-07,70.41,70.8,69.5,69.84
2018-05-08,69.85,70.7,67.62,70.62
2018-05-09,70.63,71.73,70.45,71.72
2018-05-10,71.73,71.86,70.55,71.27
2018-05-11,71.26,71.58,70.32,70.44
2018-05-14,70.45,71.23,70.25,71.02
2018-05-15,71.03,71.9,70.42,71.15
2018-05-16,71.14,71.83,70.65,71.72
2018-05-17,71.71,72.28,71.1,71.61
2018-05-18,71.62,71.86,70.99,71.77
2018-05-21,71.78,72.66,71.24,72.5
2018-05-22,72.51,72.88,71.78,71.93
2018-05-23,71.92,72.09,71.18,71.62
2018-05-24,71.63,71.72,70.51,70.63
2018-05-25,70.64,70.66,65.79,66.22
2018-05-28,66.21,67.19,66.17,66.78
2018-05-29,66.77,67.32,65.91,66.52
2018-05-30,66.51,68.64,66.45,68.06
2018-05-31,68.07,68.2,66.56,66.84
2018-06-01,66.85,67.32,65.5,65.74
2018-06-04,65.73,66.02,64.57,65.12
2018-06-05,65.13,65.86,64.21,65.82
2018-06-06,65.83,65.95,64.27,65.01
2018-06-07,65.02,66.17,64.8,66.03
2018-06-08,66.04,66.22,65.14,65.64
2018-06-11,65.65,66.33,64.84,66.18
2018-06-12,66.19,66.67,65.51,65.93
2018-06-13,65.92,66.85,65.82,66.6
2018-06-14,66.61,67.14,66.35,66.97
2018-06-15,66.96,67.0,63.58,63.82
2018-06-18,63.83,65.96,63.7,65.47
2018-06-19,65.46,65.52,64.38,65.1
2018-06-20,65.11,66.33,64.79,65.54
2018-06-21,65.53,66.62,64.33,66.42
2018-06-22,66.43,69.36,66.08,68.39
2018-06-25,68.4,69.4,67.78,68.31
2018-06-26,68.32,70.92,67.73,70.83
2018-06-27,70.82,73.04,70.58,72.48
2018-06-28,72.49,74.0,72.2,73.18
2018-06-29,73.17,74.44,72.59,73.2
2018-07-02,73.19,74.77,73.14,74.59
2018-07-03,74.58,75.25,72.74,74.57
2018-07-04,74.58,74.64,73.5,73.84
2018-07-05,73.83,74.78,72.52,72.81
2018-07-06,72.8,74.2,72.13,74.06
2018-07-09,74.07,74.23,72.98,74.02
2018-07-10,74.03,74.66,73.19,73.58
2018-07-11,73.59,74.02,70.01,70.79
2018-07-12,70.78,71.21,69.23,70.29
2018-07-13,70.31,71.64,69.83,70.63
2018-07-16,70.64,70.73,67.57,68.07
2018-07-17,68.06,68.42,67.04,67.71
2018-07-18,67.7,69.04,67.07,68.84
2018-07-19,68.83,70.16,67.8,68.12
2018-07-20,68.11,68.89,67.7,68.17
2018-07-23,68.18,69.29,67.58,67.7
2018-07-24,67.71,69.03,67.57,68.72
2018-07-25,68.71,69.68,68.19,69.36
2018-07-26,69.37,69.9,68.92,69.59
2018-07-27,69.6,69.75,68.24,68.86
2018-07-30,68.87,70.42,68.84,69.74
2018-07-31,69.75,69.9,68.11,68.35
2018-08-01,68.36,68.49,67.3,67.85
2018-08-02,67.86,69.34,66.91,69.06
2018-08-03,69.07,69.21,67.86,68.74
2018-08-06,68.75,69.89,68.59,69.07
2018-08-07,69.09,69.8,68.97,69.25
2018-08-08,69.26,69.35,66.33,66.99
2018-08-09,66.98,67.4,66.49,66.81
2018-08-10,66.82,67.93,66.14,67.55
2018-08-13,67.56,67.75,65.7,67.48
2018-08-14,67.49,68.35,66.52,66.75
2018-08-15,66.74,66.88,64.41,65.0
2018-08-16,64.99,65.5,64.73,65.43
2018-08-17,65.44,66.37,65.34,65.65
2018-08-20,65.66,66.66,65.37,65.49
2018-08-21,65.48,66.47,65.3,66.15
2018-08-22,66.16,68.12,66.02,67.9
2018-08-23,67.89,68.28,67.31,68.26
2018-08-24,68.27,69.29,68.21,68.67
2018-08-27,68.66,69.13,68.34,68.86
2018-08-28,68.85,69.18,68.2,68.56
2018-08-29,68.55,69.74,68.36,69.67
2018-08-30,69.68,70.48,69.54,70.24
2018-08-31,70.25,70.35,69.52,69.59
2018-09-03,69.6,70.19,69.56,70.02
2018-09-04,70.03,71.38,69.06,69.4
2018-09-05,69.39,69.57,68.41,68.61
2018-09-06,68.62,69.0,66.99,67.74
2018-09-07,67.73,68.25,66.85,68.17
2018-09-10,68.16,68.5,67.33,67.59
2018-09-11,67.58,70.13,67.48,69.87
2018-09-12,69.86,71.25,69.49,69.88
2018-09-13,69.87,69.92,68.34,68.77
2018-09-14,68.76,69.89,67.93,68.93
2018-09-17,68.94,69.7,68.52,68.62
2018-09-18,68.63,70.4,68.53,69.8
2018-09-19,69.79,71.33,69.64,71.22
2018-09-20,71.23,71.28,70.02,70.23
2018-09-21,70.22,71.78,69.98,71.6
2018-09-24,71.59,72.72,71.56,72.25
2018-09-25,72.24,72.73,71.83,72.13
2018-09-26,72.14,72.53,71.47,72.4
2018-09-27,72.39,72.57,71.7,72.27
2018-09-28,72.26,73.71,71.87,73.56
2018-10-01,73.55,75.75,72.94,75.5
2018-10-02,75.49,75.89,74.92,75.21
2018-10-03,75.2,76.88,74.31,76.29
2018-10-04,76.3,76.44,73.87,74.74
2018-10-05,74.75,75.19,73.54,73.79
2018-10-08,73.78,74.74,73.06,74.67
2018-10-09,74.66,75.25,73.99,74.61
2018-10-10,74.62,75.06,71.83,71.92
2018-10-11,71.91,72.58,70.49,71.33
2018-10-12,71.32,72.68,70.63,72.1
2018-10-15,72.11,72.16,70.84,71.83
2018-10-16,71.84,72.42,71.02,71.99
2018-10-17,72.0,72.23,69.43,69.8
2018-10-18,69.81,69.88,68.46,68.76
2018-10-19,68.75,69.75,68.55,69.5
2018-10-22,69.51,69.82,68.45,69.23
2018-10-23,69.22,69.28,65.73,66.56
2018-10-24,66.55,67.7,66.03,66.27
2018-10-25,66.28,67.62,66.01,66.7
2018-10-26,66.69,67.93,66.18,67.58
2018-10-29,67.59,67.7,66.29,67.09
2018-10-30,67.1,67.23,65.34,66.4
2018-10-31,66.39,66.98,64.81,64.93
2018-11-01,64.92,65.36,63.11,63.37
2018-11-02,63.38,63.93,62.52,62.67
2018-11-05,62.66,64.12,62.62,62.94
2018-11-06,62.93,63.29,61.3,61.88
2018-11-07,61.89,63.17,61.19,61.69
2018-11-08,61.7,62.4,60.29,60.54
2018-11-09,60.53,61.05,59.25,60.94
2018-11-12,60.93,61.27,58.67,59.07
2018-11-13,59.06,59.33,54.75,55.41
2018-11-14,55.42,57.34,55.13,55.97
2018-11-15,55.98,57.24,55.58,56.91
2018-11-16,56.9,57.94,55.9,57.34
2018-11-19,57.35,57.56,55.27,57.06
2018-11-20,57.05,57.39,52.76,54.37
2018-11-21,54.38,55.83,53.97,54.42
2018-11-22,54.43,54.76,52.82,53.39
2018-11-23,53.4,53.55,50.1,50.92
2018-11-26,50.91,52.22,50.72,51.46
2018-11-27,51.45,52.36,50.29,52.09
2018-11-28,52.1,52.53,50.06,50.76
2018-11-29,50.77,52.17,49.41,51.59
2018-11-30,51.58,53.83,49.64,53.74
2018-12-03,53.73,53.74,52.04,53.5
2018-12-04,53.49,54.54,52.15,52.31
2018-12-05,52.32,54.39,52.04,52.43
2018-12-06,52.42,53.28,50.08,51.24
2018-12-07,51.25,54.2,50.59,52.55
2018-12-10,52.54,52.66,50.57,51.14
2018-12-11,51.13,52.39,50.7,52.27
2018-12-12,52.26,52.82,50.95,51.29
2018-12-13,51.3,53.25,50.34,52.37
2018-12-14,52.38,52.68,50.83,51.355
2018-12-17,51.355,51.835,49.005,49.171
2018-12-18,49.155,49.305,46.08,46.665
2018-12-19,46.68,48.332,46.305,47.022
2018-12-20,47.025,47.232,45.654,46.265
2018-12-21,46.274,46.51,45.105,46.035
2018-12-24,46.051,46.06,42.345,42.655
2018-12-25,43.115,43.385,42.495,42.707
2018-12-26,42.707,46.955,42.535,46.165
2018-12-27,46.165,46.335,44.335,45.655
2018-12-28,45.661,46.001,44.405,45.815
2018-12-31,45.815,46.502,44.705,45.815
2019-01-01,45.805,45.955,44.835,44.955
2019-01-02,44.945,47.735,44.335,45.64
2019-01-03,45.635,47.459,45.345,47.26
2019-01-04,47.265,49.195,47.135,48.625
2019-01-07,48.634,49.76,48.285,48.595
2019-01-08,48.595,50.615,48.415,50.495
2019-01-09,50.495,52.545,50.145,51.815
2019-01-10,51.82,52.747,51.345,52.463
2019-01-11,52.455,53.275,50.825,51.041
2019-01-14,51.035,51.775,50.375,51.045
2019-01-15,51.045,52.265,50.645,52.07
2019-01-16,52.065,52.49,51.235,51.995
2019-01-17,51.985,52.735,50.965,52.595
2019-01-18,52.595,54.125,52.305,54.015
2019-01-21,54.015,54.29,53.475,53.69
2019-01-22,53.685,53.779,52.025,52.965
2019-01-23,52.965,53.605,51.825,52.375
2019-01-24,52.375,53.895,52.045,53.765
2019-01-25,53.765,53.875,52.965,53.325
2019-01-28,53.335,53.355,51.305,52.075
2019-01-29,52.085,53.895,51.865,53.505
2019-01-30,53.515,54.895,53.065,54.585
2019-01-31,54.595,55.335,53.535,53.795
2019-02-01,53.795,55.625,53.355,55.205
2019-02-04,55.195,55.715,53.265,54.835
2019-02-05,54.825,55.165,53.445,53.685
2019-02-06,53.675,54.255,52.835,53.835
2019-02-07,53.845,54.175,51.765,52.215
2019-02-08,52.225,52.965,51.875,52.005
2019-02-11,52.015,52.885,51.215,52.735
2019-02-12,52.735,54.015,52.505,53.615
2019-02-13,53.615,54.565,53.255,54.135
2019-02-14,54.135,54.955,53.065,54.665
2019-02-15,54.675,56.095,54.215,55.815
2019-02-18,55.825,56.295,55.61,55.795
2019-02-19,55.785,56.74,55.26,56.41
2019-02-20,56.4,57.565,55.755,57.395
2019-02-21,57.405,57.555,56.625,56.825
2019-02-22,56.825,57.775,56.805,57.09
2019-02-25,57.09,57.467,54.99,55.13
2019-02-26,55.13,56.05,55.09,55.92
2019-02-27,55.915,57.365,55.695,56.855
2019-02-28,56.86,57.515,56.405,57.355
2019-03-01,57.355,57.835,55.545,56.045
2019-03-04,56.045,56.975,55.785,56.245
2019-03-05,56.245,57.155,55.955,56.075
2019-03-06,56.085,56.445,55.425,56.355
2019-03-07,56.355,56.955,56.135,56.235
2019-03-08,56.225,56.441,54.495,56.301
2019-03-11,56.3,57.13,56.267,57.014
2019-03-12,57.015,57.521,56.725,57.141
2019-03-13,57.14,58.454,57.081,58.375
2019-03-14,58.38,58.715,57.975,58.598
2019-03-15,58.59,58.921,57.72,58.28
2019-03-18,58.28,59.206,58.025,59.05
2019-03-19,59.05,59.548,58.592,59.08
2019-03-20,59.08,60.253,58.545,60.245
2019-03-21,60.25,60.365,59.645,59.835
2019-03-22,59.843,60.045,58.259,58.565
2019-03-25,58.565,59.348,58.155,59.215
2019-03-26,59.222,60.349,59.145,59.995
2019-03-27,59.995,60.185,58.785,59.145
2019-03-28,59.145,59.675,58.175,59.575
2019-03-29,59.565,60.695,59.395,60.475
2019-04-01,60.465,61.995,60.425,61.765
2019-04-02,61.765,62.865,61.575,62.755
2019-04-03,62.755,62.945,62.035,62.295
2019-04-04,62.305,62.735,61.875,62.085
2019-04-05,62.075,63.455,61.8,63.395
2019-04-08,63.395,64.735,63.105,64.525
2019-04-09,64.535,64.755,63.655,64.055
2019-04-10,64.075,64.665,64.025,64.255
2019-04-11,64.255,64.325,63.285,63.765
2019-04-12,63.765,64.615,63.4,63.585
2019-04-15,63.577,63.735,63.005,63.285
2019-04-16,63.295,64.505,63.0,64.425
2019-04-17,64.425,64.582,63.565,63.718
2019-04-18,63.715,64.133,63.435,63.993
2019-04-19,64.065,65.962,64.065,65.525
2019-04-22,65.515,65.945,65.255,65.815
2019-04-23,65.825,66.565,65.545,65.895
2019-04-24,65.885,66.395,65.515,65.775
2019-04-25,65.765,66.245,64.685,64.87
2019-04-26,64.87,65.035,62.255,62.915
2019-04-29,62.925,63.655,62.435,63.385
2019-04-30,63.395,64.725,63.145,63.295
2019-05-01,63.295,63.895,62.745,63.435
2019-05-02,63.435,63.435,60.915,61.665
2019-05-03,61.655,62.485,60.015,60.395
2019-05-06,60.405,62.905,60.285,62.145
2019-05-07,62.155,62.455,60.635,61.785
2019-05-08,61.775,62.335,61.045,61.625
2019-05-09,61.635,62.455,60.895,61.915
2019-05-10,61.925,62.235,61.185,61.585
2019-05-13,61.595,63.285,60.615,61.195
2019-05-14,61.185,62.075,60.665,61.355
2019-05-15,61.355,62.515,60.815,62.385
2019-05-16,62.395,63.445,62.175,63.055
2019-05-17,63.055,63.786,62.505,63.592
2019-05-20,63.585,63.655,62.428,63.435
2019-05-21,63.425,63.745,62.485,62.615
2019-05-22,62.625,62.745,60.905,61.055
2019-05-23,61.045,61.065,57.305,58.565
2019-05-24,58.565,58.945,57.475,58.405
2019-05-27,58.405,59.255,58.105,59.075
2019-05-28,59.075,59.535,58.405,58.485
2019-05-29,58.495,59.225,56.855,59.115
2019-05-30,59.125,59.645,55.635,55.975
2019-05-31,55.985,56.175,52.095,52.985
2019-06-03,52.975,54.585,52.635,53.13
2019-06-04,53.13,53.745,52.395,53.085
2019-06-05,53.095,53.345,50.615,51.785
2019-06-06,51.785,53.295,51.145,53.255
2019-06-07,53.265,54.785,52.595,54.255
2019-06-10,54.265,54.515,53.025,53.565
2019-06-11,53.555,54.005,52.305,52.435
2019-06-12,52.445,52.455,50.745,51.085
2019-06-13,51.075,53.415,51.045,52.405
2019-06-14,52.405,52.945,51.675,52.595
2019-06-17,52.595,52.645,51.555,51.845
2019-06-18,51.835,54.358,51.465,53.975
2019-06-19,53.975,54.926,53.255,54.685
2019-06-20,54.68,57.735,54.645,57.025
2019-06-21,57.025,57.945,56.625,57.785
2019-06-24,57.775,58.185,56.725,57.265
2019-06-25,57.275,59.065,57.275,58.945
2019-06-26,58.955,59.895,58.625,59.155
2019-06-27,59.145,59.685,58.585,59.145
2019-06-28,59.155,60.065,57.725,59.855
2019-07-01,59.855,60.245,58.305,58.845
2019-07-02,58.845,59.405,56.065,56.455
2019-07-03,56.445,57.535,56.015,56.915
2019-07-04,56.925,57.205,56.445,56.675
2019-07-05,56.685,57.815,56.265,57.555
2019-07-08,57.545,58.425,57.275,57.435
2019-07-09,57.435,58.855,57.265,58.565
2019-07-10,58.575,60.795,58.555,60.655
2019-07-11,60.655,60.895,60.15,60.535
2019-07-12,60.535,60.705,59.825,60.035
2019-07-15,60.035,60.885,59.165,59.545
2019-07-16,59.555,60.015,57.045,57.585
2019-07-17,57.575,58.325,56.185,56.805
2019-07-18,56.795,57.287,54.715,56.105
2019-07-19,56.102,56.375,54.995,56.235
2019-07-22,56.245,56.995,55.805,56.195
2019-07-23,56.195,57.435,55.715,56.985
2019-07-24,56.995,57.605,55.305,56.015
2019-07-25,56.025,56.955,55.785,56.185
2019-07-26,56.205,56.525,55.655,56.085
2019-07-29,56.085,57.215,55.795,57.125
2019-07-30,57.125,58.495,56.945,58.425
2019-07-31,58.425,58.785,57.405,57.875
2019-08-01,57.865,57.955,53.565,54.985
2019-08-02,54.995,56.005,54.665,54.955
2019-08-05,54.955,55.565,53.715,55.255
2019-08-06,55.265,55.385,53.135,53.565
2019-08-07,53.565,53.715,50.495,52.545
2019-08-08,52.555,53.025,51.915,52.405
2019-08-09,52.415,54.865,52.395,54.285
2019-08-12,54.295,55.145,53.525,54.785
2019-08-13,54.785,57.435,54.185,56.375
2019-08-14,56.375,56.525,53.945,54.865
2019-08-15,54.865,55.295,53.745,55.065
2019-08-16,55.055,55.635,54.225,55.305
2019-08-19,55.31,56.225,54.845,56.135
2019-08-20,56.135,56.567,55.145,56.355
2019-08-21,56.355,57.105,55.525,55.615
2019-08-22,55.605,56.425,54.835,55.365
2019-08-23,55.365,55.565,52.935,53.555
2019-08-26,53.555,55.225,53.395,53.945
2019-08-27,53.945,55.685,53.665,55.435
2019-08-28,55.435,56.685,55.325,55.555
2019-08-29,55.555,56.855,55.405,56.625
2019-08-30,56.635,56.645,54.525,55.085
2019-09-02,55.085,55.195,54.325,54.805
2019-09-03,54.805,54.985,52.815,54.075
2019-09-04,54.085,56.615,54.055,56.175
2019-09-05,56.185,57.725,55.725,56.445
2019-09-06,56.445,57.245,54.805,57.125
2019-09-09,57.125,58.345,56.555,58.045
2019-09-10,58.045,58.725,57.175,57.845
2019-09-11,57.845,58.255,55.575,56.235
2019-09-12,56.235,56.315,53.975,54.935
2019-09-13,54.935,63.315,54.405,59.595
2019-09-16,59.595,63.345,58.745,61.985
2019-09-17,61.985,62.555,58.435,58.975
2019-09-18,58.965,59.395,57.665,58.244
2019-09-19,58.243,59.495,57.98,58.695
2019-09-20,58.675,59.215,57.928,58.695
2019-09-23,58.695,58.811,57.365,58.356
2019-09-24,58.346,58.406,56.665,56.926
2019-09-25,56.936,56.976,55.616,56.546
2019-09-26,56.556,56.816,55.396,56.066
2019-09-27,56.056,56.726,54.736,56.016
2019-09-30,55.996,56.036,53.966,54.516
2019-10-01,54.526,54.816,53.036,54.186
2019-10-02,54.196,54.391,52.156,52.816
2019-10-03,52.826,52.846,50.976,52.616
2019-10-04,52.621,53.325,52.026,52.666
2019-10-07,52.655,54.036,52.585,53.045
2019-10-08,53.036,53.246,51.806,52.416
2019-10-09,52.411,53.705,51.386,52.476
2019-10-10,52.466,54.095,52.165,53.795
2019-10-11,53.785,54.906,53.625,54.426
2019-10-14,54.405,54.446,52.756,53.216
2019-10-15,53.215,53.766,52.4,52.906
2019-10-16,52.905,53.711,52.495,52.895
2019-10-17,52.896,54.141,52.595,53.805
2019-10-18,53.826,54.596,53.335,53.626
2019-10-21,53.621,54.016,52.695,53.485
2019-10-22,53.475,54.781,53.215,54.016
2019-10-23,54.006,56.046,53.595,55.475
2019-10-24,55.476,56.486,55.395,55.956
2019-10-25,55.935,56.796,55.585,56.475
2019-10-28,56.485,56.901,55.495,55.536
2019-10-29,55.546,55.886,54.595,55.235
2019-10-30,55.236,55.711,54.405,55.165
2019-10-31,55.155,55.566,53.695,54.406
2019-11-01,54.385,56.397,54.115,55.856
2019-11-04,55.835,57.406,55.815,56.475
2019-11-05,56.476,57.476,56.355,56.925
2019-11-06,56.915,57.805,56.135,56.286
2019-11-07,56.296,57.836,56.245,56.875
2019-11-08,56.876,57.456,55.745,56.725
2019-11-11,56.726,57.296,56.235,56.935
2019-11-12,56.956,57.526,56.525,56.595
2019-11-13,56.596,57.696,56.175,57.466
2019-11-14,57.465,57.766,56.605,57.035
2019-11-15,57.045,57.946,56.405,57.731
2019-11-18,57.715,58.056,56.515,56.996
2019-11-19,56.986,57.186,55.146,55.356
2019-11-20,55.356,57.356,54.836,56.826
2019-11-21,56.836,58.646,56.586,58.176
2019-11-22,58.171,58.716,57.486,57.836
2019-11-25,57.846,58.116,57.185,57.955
2019-11-26,57.945,58.536,57.745,58.266
2019-11-27,58.265,58.656,57.5,57.866
2019-11-28,57.845,58.266,57.615,57.966
2019-11-29,57.955,58.156,55.005,56.045
2019-12-02,56.045,56.645,55.595,56.115
2019-12-03,56.115,56.765,55.325,56.485
2019-12-04,56.475,58.636,56.255,58.206
2019-12-05,58.196,59.096,58.085,58.235
2019-12-06,58.256,59.816,57.685,58.886
2019-12-09,58.896,59.226,58.205,58.875
2019-12-10,58.881,59.496,58.515,58.905
2019-12-11,58.895,59.196,58.095,58.846
2019-12-12,58.836,59.696,58.735,59.445
2019-12-13,59.445,60.456,59.255,59.815
2019-12-16,59.815,60.326,59.795,60.155
2019-12-17,60.161,61.031,60.005,60.48
2019-12-18,60.486,61.156,60.295,60.786
2019-12-19,60.786,61.376,60.675,61.086
2019-12-20,61.065,61.176,60.0,60.165
2019-12-23,60.155,60.736,60.075,60.515
2019-12-24,60.516,61.125,60.465,61.105
2019-12-25,61.476,61.491,61.155,61.336
2019-12-26,61.336,61.846,61.045,61.816
2019-12-27,61.816,61.946,61.215,61.755
2019-12-30,61.766,62.316,61.096,61.585
2019-12-31,61.586,61.856,60.595,61.165
2020-01-01,61.391,61.496,61.205,61.205
2020-01-02,61.205,63.816,60.635,63.005
2020-01-03,63.006,64.706,62.205,64.535
2020-01-06,64.525,64.556,62.29,62.546
2020-01-07,62.545,65.615,62.095,63.485
2020-01-08,63.506,63.526,59.115,60.095
2020-01-09,60.095,60.116,58.635,59.325
2020-01-10,59.335,59.756,58.715,59.055
2020-01-13,59.065,59.236,57.885,58.055
2020-01-14,58.061,58.696,57.705,58.036
2020-01-15,58.015,58.336,57.345,58.201
2020-01-16,58.195,58.846,57.535,58.516
2020-01-17,58.511,59.651,58.296,59.196
2020-01-20,59.186,59.246,58.345,58.386
2020-01-21,58.376,58.756,57.695,58.065
2020-01-22,58.066,58.146,55.646,55.786
2020-01-23,55.776,56.026,54.756,55.816
2020-01-24,55.826,55.936,52.141,52.866
2020-01-27,52.876,53.536,52.15,53.055
2020-01-28,53.066,54.226,52.656,54.115
2020-01-29,54.125,54.346,52.635,52.765
2020-01-30,52.755,53.336,51.655,53.245
2020-01-31,53.25,53.255,50.565,51.476
2020-02-03,51.475,51.946,49.635,50.556
2020-02-04,50.555,51.536,49.295,50.135
2020-02-05,50.136,52.161,49.685,51.876
2020-02-06,51.875,52.136,50.215,51.046
2020-02-07,51.051,51.296,49.535,50.165
2020-02-10,50.175,50.436,49.395,50.146
2020-02-11,50.136,50.756,49.695,50.566
2020-02-12,50.565,51.936,50.435,51.246
2020-02-13,51.256,51.886,50.575,51.446
2020-02-14,51.425,52.351,51.365,51.975
2020-02-17,51.991,52.316,51.536,51.626
2020-02-18,51.616,52.866,50.866,52.826
2020-02-19,52.816,54.076,52.596,53.676
2020-02-20,53.686,54.626,53.355,53.505
2020-02-21,53.526,53.556,51.646,52.116
2020-02-24,52.121,52.266,50.426,51.585
2020-02-25,51.606,51.996,49.685,50.286
2020-02-26,50.276,50.416,47.831,47.916
2020-02-27,47.906,48.356,45.676,45.726
2020-02-28,45.716,46.401,43.361,46.066
2020-03-02,46.056,48.526,44.836,47.766
2020-03-03,47.776,48.636,46.461,47.906
2020-03-04,47.901,48.396,46.636,47.246
2020-03-05,47.251,47.516,45.296,45.386
2020-03-06,45.396,45.616,27.32,28.415
2020-03-09,28.411,34.846,27.72,33.15
2020-03-10,33.155,36.306,31.76,35.081
2020-03-11,35.076,35.086,30.665,31.616
2020-03-12,31.626,32.345,30.005,31.756
2020-03-13,31.755,33.965,29.736,31.116
2020-03-16,31.121,31.226,28.101,30.006
2020-03-17,29.996,30.281,26.191,26.946
2020-03-18,26.956,27.036,20.046,22.701
2020-03-19,22.691,28.195,22.126,26.996
2020-03-20,27.0,28.466,20.785,22.87
2020-03-23,22.876,24.761,21.776,24.306
2020-03-24,24.301,25.191,23.076,24.886
2020-03-25,24.896,25.046,22.895,24.105
2020-03-26,24.106,24.196,22.365,23.036
2020-03-27,23.031,23.106,19.906,20.466
2020-03-30,20.471,21.726,19.255,21.276
2020-03-31,21.266,21.865,20.0,20.535
2020-04-01,20.545,21.525,19.905,21.225
2020-04-02,21.215,27.31,21.205,24.095
2020-04-03,24.085,29.07,23.7,27.325
2020-04-06,27.345,28.215,25.895,26.787
2020-04-07,26.777,27.217,23.537,24.905
2020-04-08,24.895,26.57,23.725,25.925
2020-04-09,25.935,28.325,22.57,23.185
2020-04-10,24.01,24.545,22.02,23.855
2020-04-13,23.845,23.975,22.285,22.695
2020-04-14,22.685,22.775,19.935,20.585
2020-04-15,20.595,20.595,19.185,19.995
2020-04-16,19.985,20.375,19.405,19.695
2020-04-17,19.685,24.88,17.295,23.705
2020-04-20,23.69,23.9,20.175,21.385
2020-04-21,21.39,21.495,6.495,11.001
2020-04-22,10.995,16.145,10.241,14.515
2020-04-23,14.506,18.235,14.41,17.8
2020-04-24,17.81,17.94,15.21,15.665
2020-04-27,15.655,15.67,10.625,11.07
2020-04-28,11.08,14.37,10.055,14.055
2020-04-29,14.055,17.72,13.245,17.62
2020-04-30,17.61,20.4,16.285,19.585
2020-05-01,19.575,20.37,18.05,19.03
2020-05-04,19.04,22.025,18.035,21.79
2020-05-05,21.79,26.02,21.59,24.405
2020-05-06,24.405,25.55,22.56,23.965
2020-05-07,23.965,26.705,22.925,23.86
2020-05-08,23.855,26.11,23.32,25.765
2020-05-11,25.77,26.69,24.77,25.23
2020-05-12,25.235,26.83,25.13,26.01
2020-05-13,26.02,26.93,25.22,25.83
2020-05-14,25.835,28.24,25.79,28.06
2020-05-15,28.065,30.89,27.84,30.41
2020-05-18,30.42,33.05,30.4,31.57
2020-05-19,31.58,32.46,31.19,32.08
2020-05-20,32.08,33.74,31.6,33.64
2020-05-21,33.63,34.6,30.7,31.81
2020-05-22,31.815,33.67,31.3,33.58
2020-05-25,33.57,34.19,33.25,34.16
2020-05-26,34.165,34.77,33.36,34.18
2020-05-27,34.175,34.26,31.125,31.33
2020-05-28,31.335,34.18,31.28,33.123
2020-05-29,33.125,35.865,32.34,35.29
2020-06-01,35.285,35.72,34.25,35.67
2020-06-02,35.665,37.85,35.53,37.52
2020-06-03,37.535,38.15,35.865,36.5
2020-06-04,36.5,37.59,36.395,37.38
2020-06-05,37.375,40.41,37.29,39.915
2020-06-08,39.91,40.22,37.947,38.527
2020-06-09,38.532,39.077,37.05,38.163
2020-06-10,38.153,39.887,37.7,38.288
2020-06-11,38.283,38.54,34.463,35.603
2020-06-12,35.608,36.96,34.758,35.163
2020-06-15,35.17,37.405,34.333,36.873
2020-06-16,36.89,39.042,36.753,37.277
2020-06-17,37.272,38.727,37.092,37.492
2020-06-18,37.502,39.625,37.317,39.335
2020-06-19,39.34,40.575,38.5,39.78
2020-06-22,39.785,41.21,39.356,40.465
2020-06-23,40.46,41.6,39.845,40.145
2020-06-24,40.15,40.505,37.285,37.855
2020-06-25,37.865,39.26,37.056,39.165
2020-06-26,39.17,39.325,37.565,37.735
2020-06-29,37.745,39.855,37.496,39.395
2020-06-30,39.405,40.055,38.826,39.756
2020-07-01,39.77,40.555,39.026,39.815
2020-07-02,39.796,40.725,39.565,40.315
2020-07-03,40.296,40.515,39.825,40.485
2020-07-06,40.495,41.055,40.125,40.475
2020-07-07,40.465,40.925,39.9,40.515
2020-07-08,40.51,41.065,40.315,40.815
2020-07-09,40.805,40.915,39.225,39.275
2020-07-10,39.265,40.745,38.515,40.195
2020-07-13,40.195,40.69,39.085,39.165
2020-07-14,39.145,40.825,39.065,40.445
2020-07-15,40.455,41.235,40.065,40.875
2020-07-16,40.885,41.115,40.495,40.72
2020-07-17,40.715,40.87,40.0,40.495
2020-07-20,40.505,41.035,39.95,40.925
2020-07-21,40.915,42.485,40.88,41.685
2020-07-22,41.695,41.995,41.125,41.945
2020-07-23,41.955,42.34,40.815,41.145
2020-07-24,41.155,41.645,40.645,41.206
2020-07-27,41.21,41.905,40.456,41.515
2020-07-28,41.525,41.715,40.835,41.015
2020-07-29,41.025,41.545,40.905,41.245
2020-07-30,41.226,41.245,38.705,40.125
2020-07-31,40.135,40.515,39.636,39.976
2020-08-03,39.995,41.215,39.556,40.646
2020-08-04,40.636,42.055,40.106,41.606
2020-08-05,41.596,43.495,41.536,42.125
2020-08-06,42.12,42.625,41.586,41.785
2020-08-07,41.766,42.125,41.036,41.755
2020-08-10,41.745,42.295,41.505,42.255
2020-08-11,42.265,42.915,41.456,41.765
2020-08-12,41.746,42.875,41.646,42.605
2020-08-13,42.595,42.815,42.056,42.275
2020-08-14,42.256,42.425,41.595,42.325
2020-08-17,42.33,42.935,41.785,42.655
2020-08-18,42.66,42.965,42.095,42.865
2020-08-19,42.865,43.195,42.526,42.705
2020-08-20,42.69,42.915,41.665,42.895
2020-08-21,42.885,42.935,41.445,42.29
2020-08-24,42.285,42.86,42.21,42.54
2020-08-25,42.555,43.545,42.425,43.335
2020-08-26,43.33,43.755,42.98,43.35
2020-08-27,43.35,43.435,42.34,42.98
2020-08-28,42.995,43.395,42.67,43.12
2020-08-31,43.125,43.545,42.53,42.975
2020-09-01,42.98,43.405,42.7,43.1
2020-09-02,43.105,43.185,41.21,41.58
2020-09-03,41.58,41.585,40.2,40.885
2020-09-04,40.89,41.845,38.535,39.32
2020-09-07,39.32,39.43,38.8,39.0
2020-09-08,39.0,39.075,36.11,36.31
2020-09-09,36.31,38.425,36.24,37.765
2020-09-10,37.77,38.155,36.93,37.12
2020-09-11,37.11,37.795,36.65,37.565
2020-09-14,37.55,37.605,36.805,37.225
2020-09-15,37.215,39.005,37.04,38.97
2020-09-16,38.98,40.315,38.81,39.68
2020-09-17,39.69,41.205,39.4,41.115
2020-09-18,41.11,41.465,40.276,41.36
2020-09-21,41.355,41.385,38.855,39.66
2020-09-22,39.65,40.235,39.2,39.385
2020-09-23,39.375,40.72,39.1,39.39
2020-09-24,39.38,40.61,39.28,40.47
2020-09-25,40.465,40.585,39.69,39.965
2020-09-28,39.955,40.775,39.76,40.375
2020-09-29,40.37,40.485,38.39,38.915
2020-09-30,38.925,40.345,38.66,40.16
2020-10-01,40.155,40.435,37.595,38.285
2020-10-02,38.275,38.4,36.61,37.96
2020-10-05,37.97,39.685,37.56,39.31
2020-10-06,39.325,40.835,39.1,39.83
2020-10-07,39.825,40.325,39.25,39.915
2020-10-08,39.92,41.445,39.88,41.02
2020-10-09,41.015,41.38,39.91,40.16
2020-10-12,40.17,40.275,39.02,39.445
2020-10-13,39.455,40.505,39.33,40.06
2020-10-14,40.06,41.275,39.805,41.085
2020-10-15,41.075,41.285,39.215,40.835
2020-10-16,40.845,41.315,40.32,40.93
2020-10-19,40.93,41.425,40.63,40.795
2020-10-20,40.77,41.865,40.445,41.43
2020-10-21,41.44,41.515,39.701,39.755
2020-10-22,39.745,40.995,39.691,40.609
2020-10-23,40.602,40.889,38.875,39.065
2020-10-26,39.055,39.145,38.261,38.751
2020-10-27,38.759,39.805,38.491,38.735
2020-10-28,38.722,38.795,36.952,37.528
2020-10-29,37.535,37.655,34.905,36.212
2020-10-30,36.205,36.515,33.627,34.405
2020-11-02,34.408,37.307,34.075,36.742
2020-11-03,36.755,38.838,36.552,38.34
2020-11-04,38.335,39.225,37.237,38.485
2020-11-05,38.475,39.335,37.682,37.69
2020-11-06,37.695,38.505,37.038,38.135
2020-11-09,38.145,41.305,37.732,39.725
2020-11-10,39.728,42.235,39.612,41.833
2020-11-11,41.83,43.035,41.293,41.455
2020-11-12,41.457,42.165,40.143,40.433
2020-11-13,40.43,40.815,40.054,40.693
2020-11-16,40.684,42.067,40.623,41.593
2020-11-17,41.604,41.664,40.553,41.584
2020-11-18,41.594,42.654,41.434,41.723
2020-11-19,41.714,42.134,41.243,41.844
2020-11-20,41.854,42.544,41.653,42.519
2020-11-23,42.514,43.534,42.434,43.483
2020-11-24,43.489,45.659,43.273,45.344
2020-11-25,45.333,46.224,45.019,45.874
2020-11-26,45.877,45.969,44.713,44.954
2020-11-27,44.943,45.679,44.533,44.944
2020-11-30,45.189,45.314,44.793,44.974
2020-12-01,44.963,45.674,43.893,44.123
2020-12-02,44.119,45.889,44.064,45.183
2020-12-03,45.179,46.534,44.647,46.353
2020-12-04,46.374,46.654,45.653,46.003
2020-12-07,45.993,46.517,45.244,45.394
2020-12-08,45.397,45.904,45.123,45.474
2020-12-09,45.477,46.217,44.934,45.758
2020-12-10,45.753,47.709,45.513,46.884
2020-12-11,46.874,47.204,46.343,46.894
2020-12-14,46.883,47.414,45.693,46.604
2020-12-15,46.614,47.713,46.523,47.543
2020-12-16,47.533,48.358,47.153,48.273
2020-12-17,48.298,48.578,47.813,48.403
2020-12-18,48.393,49.403,47.413,47.793
2020-12-21,47.788,48.123,46.233,47.633
2020-12-22,47.623,47.633,46.183,46.283
2020-12-23,46.263,48.593,46.133,48.483
2020-12-24,48.473,48.503,47.543,48.283
2020-12-25,48.148,48.253,47.483,48.143
2020-12-28,48.133,48.943,47.523,47.823
2020-12-29,47.833,48.323,47.733,48.213
2020-12-30,48.203,48.633,47.593,48.293
2020-12-31,48.303,48.553,47.753,48.413
2021-01-01,48.208,49.277,48.103,49.023
2021-01-04,49.017,49.803,47.147,47.563
2021-01-05,47.562,50.213,47.307,50.023
2021-01-06,50.027,51.113,49.457,50.992
2021-01-07,50.993,51.253,50.407,50.943
2021-01-08,50.937,52.713,50.877,51.763
2021-01-11,51.758,52.383,51.477,52.153
2021-01-12,52.148,53.903,52.107,53.793
2021-01-13,53.787,53.813,52.557,52.853
2021-01-14,52.843,53.803,52.217,53.478
2021-01-15,53.473,53.483,51.803,52.033
2021-01-18,52.023,52.583,51.913,52.313
2021-01-19,52.318,53.433,52.193,53.347
2021-01-20,53.343,53.793,52.813,53.043
2021-01-21,53.047,53.383,52.203,52.483
2021-01-22,52.463,52.763,51.413,52.233
2021-01-25,52.223,52.933,51.792,52.393
2021-01-26,52.397,53.223,52.278,52.783
2021-01-27,52.793,53.273,51.833,52.503
2021-01-28,52.507,53.543,52.063,52.173
2021-01-29,52.173,53.223,51.633,52.413
2021-02-01,52.423,54.293,52.223,54.083
2021-02-02,54.093,55.233,53.913,54.953
2021-02-03,54.963,56.303,54.853,56.033
2021-02-04,56.023,56.813,55.273,56.573
2021-02-05,56.563,57.478,56.463,57.463
2021-02-08,57.473,58.488,57.303,58.353
2021-02-09,58.363,58.593,57.243,58.243
2021-02-10,58.233,58.883,58.057,58.353
2021-02-11,58.343,58.683,57.687,57.783
2021-02-12,57.773,60.923,57.383,60.743
2021-02-15,60.753,60.873,59.943,60.257
2021-02-16,60.263,60.283,59.318,60.043
2021-02-17,60.033,62.238,59.413,61.683
2021-02-18,61.678,61.793,58.578,59.453
2021-02-19,59.463,60.293,58.787,59.963
2021-02-22,59.953,62.968,59.403,62.663
2021-02-23,62.668,62.843,60.647,61.123
2021-02-24,61.118,63.638,60.948,63.043
2021-02-25,63.053,63.783,62.623,62.873
2021-02-26,62.883,63.183,61.323,62.393
2021-03-01,62.398,62.713,59.433,59.893
2021-03-02,59.888,61.183,59.223,59.883
2021-03-03,59.873,61.973,59.673,61.813
2021-03-04,61.823,64.832,60.513,64.383
2021-03-05,64.373,67.953,64.253,67.428
2021-03-08,67.423,67.573,64.553,65.493
2021-03-09,65.497,65.953,63.363,63.507
2021-03-10,63.503,65.138,63.118,64.993
2021-03-11,64.983,66.178,64.523,65.803
2021-03-12,65.813,66.383,65.393,66.133
2021-03-15,66.128,66.332,64.112,64.898
2021-03-16,64.893,65.058,63.783,64.862
2021-03-17,64.868,65.313,63.583,64.233
2021-03-18,64.223,64.798,58.223,60.153
2021-03-19,60.148,61.748,58.908,61.103
2021-03-22,61.093,62.013,60.333,60.958
2021-03-23,60.953,60.983,57.243,57.773
2021-03-24,57.768,61.313,57.643,60.113
2021-03-25,60.103,60.473,57.423,59.193
2021-03-26,59.188,61.333,59.153,59.883
2021-03-29,59.878,62.243,59.398,61.733
2021-03-30,61.743,61.793,59.943,60.813
2021-03-31,60.823,61.143,58.833,59.433
2021-04-01,59.428,61.718,58.863,61.227
2021-04-02,61.283,61.383,60.868,60.873
2021-04-05,60.868,60.963,57.613,59.263
2021-04-06,59.253,60.863,58.947,59.463
2021-04-07,59.468,60.013,58.093,59.623
2021-04-08,59.628,59.918,58.803,59.693
2021-04-09,59.697,59.743,59.093,59.333
2021-04-12,59.333,60.738,58.703,59.943
2021-04-13,59.938,60.648,59.643,60.573
2021-04-14,60.578,63.413,60.563,63.098
2021-04-15,63.093,63.543,62.513,63.438
2021-04-16,63.433,63.853,62.653,62.933
2021-04-19,62.923,64.023,62.833,63.943
2021-04-20,63.933,64.353,61.483,62.133
2021-04-21,62.138,62.533,60.648,61.053
2021-04-22,61.043,62.088,60.593,61.773
2021-04-23,61.778,62.403,61.243,61.903
2021-04-26,61.898,62.343,60.643,62.193
2021-04-27,62.183,63.273,62.023,62.893
2021-04-28,62.883,64.493,62.763,64.013
2021-04-29,64.023,65.437,63.933,64.633
2021-04-30,64.623,64.723,63.063,63.403
2021-05-03,63.393,64.703,62.913,64.473
2021-05-04,64.483,66.553,64.273,66.193
2021-05-05,66.183,66.733,64.903,65.673
2021-05-06,65.663,65.953,64.487,65.083
2021-05-07,65.078,65.723,63.883,65.123
2021-05-10,65.118,65.573,63.933,64.433
2021-05-11,64.423,65.633,63.663,65.033
2021-05-12,65.033,66.593,65.023,65.408
2021-05-13,65.403,65.457,63.073,63.588
2021-05-14,63.593,65.713,63.323,65.433
2021-05-17,65.443,66.553,64.804,66.543
2021-05-18,66.538,66.983,64.093,64.723
2021-05-19,64.713,64.957,61.943,63.463
2021-05-20,63.468,63.923,61.653,62.123
2021-05-21,62.113,64.188,61.543,63.973
2021-05-24,63.968,66.263,63.843,66.112
2021-05-25,66.103,66.483,65.383,65.843
2021-05-26,65.853,66.403,65.233,65.823
2021-05-27,65.832,67.427,65.443,67.173
2021-05-28,67.177,67.493,66.153,66.753
2021-05-31,66.938,67.673,66.868,67.563
2021-06-01,67.568,68.847,67.423,67.832
2021-06-02,67.823,69.373,67.758,69.213
2021-06-03,69.203,69.328,68.163,68.707
2021-06-04,68.713,69.973,68.598,69.253
2021-06-07,69.243,69.753,68.483,68.573
2021-06-08,68.563,70.603,68.453,70.503
2021-06-09,70.483,70.573,69.268,69.443
2021-06-10,69.438,70.623,68.673,69.903
2021-06-11,69.893,71.263,69.893,71.183
2021-06-14,71.173,71.763,70.703,71.053
2021-06-15,71.057,72.803,70.913,72.733
2021-06-16,72.728,72.957,71.313,71.753
2021-06-17,71.748,72.283,69.753,70.423
2021-06-18,70.413,72.148,70.133,71.703
2021-06-21,71.693,73.298,70.758,73.203
2021-06-22,73.197,73.443,72.443,73.183
2021-06-23,73.178,74.223,72.933,73.143
2021-06-24,73.137,73.603,72.303,73.423
2021-06-25,73.427,74.423,72.833,73.993
2021-06-28,73.987,74.203,72.433,72.508
2021-06-29,72.513,73.783,71.953,73.403
2021-06-30,73.393,74.112,72.793,73.683
2021-07-01,73.673,76.198,73.503,75.253
2021-07-02,75.243,75.583,74.393,75.053
2021-07-05,75.048,76.743,74.993,76.693
2021-07-06,76.698,76.953,72.923,73.393
2021-07-07,73.398,74.843,71.058,72.063
2021-07-08,72.073,73.433,70.743,72.963
2021-07-09,72.968,74.884,72.923,74.413
2021-07-12,74.414,74.523,73.143,74.283
2021-07-13,74.287,75.493,73.653,74.913
2021-07-14,74.923,75.413,72.043,72.513
2021-07-15,72.523,72.903,71.293,71.573
2021-07-16,71.578,72.273,70.313,70.737
2021-07-19,70.743,71.123,65.552,66.493
2021-07-20,66.483,67.573,65.058,66.703
2021-07-21,66.673,70.483,66.633,70.008
2021-07-22,70.013,71.998,69.843,71.653
2021-07-23,71.663,72.403,71.383,71.603
2021-07-26,71.612,72.302,70.552,72.143
2021-07-27,72.147,72.245,71.053,72.081
2021-07-28,72.087,72.732,71.682,72.602
2021-07-29,72.607,73.652,72.472,73.152
2021-07-30,73.157,74.212,72.752,73.111
2021-08-02,73.132,73.392,70.542,71.242
2021-08-03,71.247,71.922,69.182,70.437
2021-08-04,70.433,70.772,67.831,68.422
2021-08-05,68.413,69.322,67.581,69.162
2021-08-06,69.167,70.157,66.672,66.912
2021-08-09,66.917,67.037,65.122,66.912
2021-08-10,66.892,68.867,66.833,68.102
2021-08-11,68.098,69.482,66.652,69.262
2021-08-12,69.267,69.602,68.442,68.632
2021-08-13,68.622,69.192,67.392,67.642
2021-08-16,67.647,68.111,65.712,67.272
2021-08-17,67.277,67.682,66.312,66.736
2021-08-18,66.747,67.462,64.032,64.342
2021-08-19,64.337,64.412,62.392,63.872
2021-08-20,63.882,63.951,61.767,63.182
2021-08-23,63.172,66.262,63.113,65.732
2021-08-24,65.742,67.772,65.693,67.152
2021-08-25,67.142,68.512,66.902,67.872
2021-08-26,67.867,68.277,66.992,67.982
2021-08-27,67.987,69.592,67.972,68.611
2021-08-30,68.602,69.322,67.653,68.822
2021-08-31,68.827,69.312,68.162,68.952
2021-09-01,68.962,69.212,67.102,68.262
2021-09-02,68.272,70.582,68.173,69.802
2021-09-03,69.807,70.502,68.312,68.527
2021-09-06,68.532,69.452,68.232,69.182
2021-09-07,69.177,69.392,67.622,68.392
2021-09-08,68.387,69.722,68.382,69.352
2021-09-09,69.352,69.861,67.552,68.472
2021-09-10,68.467,70.322,68.373,69.952
2021-09-13,69.956,70.942,69.812,70.861
2021-09-14,70.853,71.182,69.962,70.861
2021-09-15,70.852,73.111,70.822,72.702
2021-09-16,72.706,72.852,71.514,72.417
2021-09-17,72.422,72.492,71.092,71.232
2021-09-20,71.236,71.352,69.692,70.832
2021-09-21,70.837,71.452,69.372,71.229
2021-09-22,71.242,72.452,71.173,72.372
2021-09-23,72.361,73.632,71.592,73.287
2021-09-24,73.279,75.297,72.777,74.872
2021-09-27,74.864,76.252,74.542,76.089
2021-09-28,76.077,76.647,74.079,74.122
2021-09-29,74.111,75.762,73.709,74.712
2021-09-30,74.722,76.042,73.111,74.902
2021-10-01,74.893,76.117,74.199,75.562
2021-10-04,75.572,78.352,75.299,77.812
2021-10-05,77.803,79.452,77.519,78.822
2021-10-06,78.827,79.752,76.539,76.602
2021-10-07,76.607,79.472,74.937,79.212
2021-10-08,79.203,81.002,78.644,80.861
2021-10-11,80.857,82.152,79.972,80.342
2021-10-12,80.334,81.587,79.442,80.342
2021-10-13,80.352,81.082,79.402,80.902
2021-10-14,80.907,81.861,80.352,81.802
2021-10-15,81.807,83.706,81.604,83.486
2021-10-18,83.482,83.852,81.242,81.692
2021-10-19,81.682,82.962,81.062,81.989
2021-10-20,81.986,83.927,80.753,83.442
2021-10-21,83.452,83.522,80.772,82.202
2021-10-22,82.193,84.736,81.742,84.542
2021-10-25,84.562,85.392,83.361,83.762
2021-10-26,83.758,84.842,82.952,84.022
2021-10-27,84.014,84.232,80.587,80.962
2021-10-28,80.953,83.187,80.769,82.802
2021-10-29,82.807,83.712,81.398,83.209
2021-11-01,83.222,84.852,82.764,83.942
2021-11-02,83.938,84.382,82.229,82.799
2021-11-03,82.812,82.861,79.673,80.012
2021-11-04,80.008,83.387,78.242,79.582
2021-11-05,79.572,82.452,78.939,82.228
2021-11-08,82.222,82.642,81.292,81.852
2021-11-09,81.857,84.932,81.802,84.222
2021-11-10,84.242,84.512,80.783,81.522
2021-11-11,81.518,82.292,80.182,80.997
2021-11-12,80.992,81.582,79.767,80.262
2021-11-15,80.257,80.972,79.282,80.247
2021-11-16,80.252,80.652,78.899,79.072
2021-11-17,79.077,79.492,76.742,76.992
2021-11-18,77.012,79.302,76.422,78.952
2021-11-19,78.956,79.287,74.749,75.861
2021-11-22,75.854,77.132,75.111,76.209
2021-11-23,76.232,78.956,75.279,78.562
2021-11-24,78.554,79.187,77.962,78.282
2021-11-25,78.272,78.472,75.979,76.054
2021-11-26,76.059,76.099,67.383,71.064
2021-11-29,71.072,72.902,68.842,70.607
2021-11-30,70.599,70.637,64.422,67.897
2021-12-01,67.897,69.462,64.827,66.288
2021-12-02,66.287,67.947,62.412,67.664
2021-12-03,67.672,69.172,65.582,67.639
2021-12-06,67.647,70.317,67.267,70.202
2021-12-07,70.198,73.012,70.092,71.822
2021-12-08,71.827,73.302,70.889,73.082
2021-12-09,73.072,73.111,70.302,70.752
2021-12-10,70.762,72.842,70.529,72.687
2021-12-13,72.679,72.967,70.569,70.909
2021-12-14,70.917,71.997,69.492,69.832
2021-12-15,69.824,71.907,69.361,71.537
2021-12-16,71.532,72.962,71.007,71.452
2021-12-17,71.456,71.736,68.412,68.427
2021-12-20,68.432,69.472,66.102,69.262
2021-12-21,69.267,71.752,68.538,71.352
2021-12-22,71.343,73.242,70.832,72.932
2021-12-23,72.937,73.932,72.262,73.692
2021-12-24,73.353,73.482,72.852,73.152
2021-12-27,73.157,76.062,72.543,75.762
2021-12-28,75.757,76.897,75.512,75.932
2021-12-29,75.927,77.342,75.342,76.802
2021-12-30,76.797,77.412,75.752,76.552
2021-12-31,76.557,77.047,74.942,75.742
2022-01-03,75.752,76.552,74.252,76.403
2022-01-04,76.402,77.611,75.677,76.822
2022-01-05,76.817,78.552,76.492,76.832
2022-01-06,76.837,80.252,76.702,80.111
2022-01-07,80.117,80.442,78.342,79.028
2022-01-10,79.023,79.422,77.817,78.702
2022-01-11,78.697,81.672,78.582,81.227
2022-01-12,81.222,83.067,81.147,82.422
2022-01-13,82.422,82.872,81.372,81.832
2022-01-14,81.837,84.752,81.742,84.082
2022-01-17,84.087,85.172,83.482,84.952
2022-01-18,84.947,86.382,84.486,85.827
2022-01-19,85.832,86.762,84.706,85.752
2022-01-20,85.757,87.072,82.763,83.672
2022-01-21,83.662,86.057,83.467,85.812
2022-01-24,85.807,85.882,81.892,83.652
2022-01-25,83.647,85.682,82.968,85.232
2022-01-26,85.223,87.922,85.102,86.642
2022-01-27,86.647,88.522,86.182,87.052
2022-01-28,87.047,88.802,86.412,87.769
2022-01-31,87.782,88.542,86.327,88.492
2022-02-01,88.492,88.842,86.532,88.489
2022-02-02,88.497,89.697,87.087,87.882
2022-02-03,87.887,90.962,86.729,90.852
2022-02-04,90.844,93.142,90.589,92.097
2022-02-07,92.093,92.342,90.712,91.229
2022-02-08,91.222,91.611,88.483,89.709
2022-02-09,89.722,90.552,88.392,89.688
2022-02-10,89.687,91.722,89.002,89.679
2022-02-11,89.687,94.907,89.162,94.402
2022-02-14,94.392,95.782,92.084,94.782
2022-02-15,94.787,94.997,90.647,92.019
2022-02-16,92.027,94.977,89.979,92.456
2022-02-17,92.467,93.332,90.762,91.022
2022-02-18,91.027,92.897,89.007,90.977
2022-02-21,90.982,93.977,90.592,92.662
2022-02-22,92.672,94.902,91.022,92.162
2022-02-23,92.157,97.142,90.627,96.457
2022-02-24,96.432,100.507,91.433,94.817
2022-02-25,94.827,99.032,90.052,97.182
2022-02-28,97.192,97.237,94.412,96.509
2022-03-01,96.502,109.272,96.499,108.453
2022-03-02,108.452,114.742,105.177,114.437
2022-03-03,114.433,116.502,106.457,109.809
2022-03-04,109.817,130.486,107.237,126.032
2022-03-07,126.002,126.667,115.557,121.497
2022-03-08,121.487,129.412,119.612,125.877
2022-03-09,125.872,126.637,103.707,110.449
2022-03-10,110.448,114.842,104.477,106.522
2022-03-11,106.527,110.252,104.772,106.823
2022-03-14,106.822,106.927,96.692,98.202
2022-03-15,98.207,98.737,93.512,96.897
2022-03-16,96.927,99.172,94.057,96.407
2022-03-17,96.422,106.052,96.332,105.757
2022-03-18,105.762,108.287,102.274,108.122
2022-03-21,108.112,112.986,107.837,112.857
2022-03-22,112.852,113.327,107.087,110.592
2022-03-23,110.587,116.612,109.042,113.932
2022-03-24,113.942,115.692,110.572,112.097
2022-03-25,112.092,114.087,108.647,110.334
2022-03-28,110.352,110.667,102.842,104.627
2022-03-29,104.632,107.797,98.527,105.077
2022-03-30,105.087,108.727,100.837,101.807
2022-03-31,101.802,104.687,99.237,99.992
2022-04-01,99.942,101.427,97.762,99.482
2022-04-04,99.486,105.572,98.337,104.692
2022-04-05,104.697,105.262,99.873,101.847
2022-04-06,101.852,103.986,95.737,97.628
2022-04-07,97.627,98.792,93.817,95.732
2022-04-08,95.712,98.736,95.182,95.877
2022-04-11,95.877,96.887,92.912,96.172
2022-04-12,96.177,101.917,95.752,100.517
2022-04-13,100.512,104.437,99.857,103.572
2022-04-14,103.568,107.607,102.117,106.512
2022-04-15,106.787,107.982,106.687,107.387
2022-04-18,107.392,109.162,105.422,107.817
2022-04-19,107.827,107.862,101.498,103.082
2022-04-20,103.077,103.937,99.861,103.007
2022-04-21,103.002,105.392,102.207,102.757
2022-04-22,102.752,103.467,98.917,99.137
2022-04-25,99.117,99.787,95.268,99.452
2022-04-26,99.447,102.957,97.047,101.802
2022-04-27,101.807,102.822,99.782,100.527
2022-04-28,100.522,105.648,100.117,105.198
2022-04-29,105.197,107.957,103.412,103.902
2022-05-02,103.892,105.872,100.254,104.807
2022-05-03,104.799,105.257,102.087,103.493
2022-05-04,103.492,108.897,103.417,107.987
2022-05-05,107.992,111.327,106.437,108.889
2022-05-06,108.877,111.142,107.917,109.887
2022-05-09,109.892,110.212,100.427,101.687
2022-05-10,101.679,104.122,98.182,101.486
2022-05-11,101.478,106.407,101.372,104.502
2022-05-12,104.493,108.102,102.653,107.712
2022-05-13,107.704,111.672,106.282,108.927
2022-05-16,108.912,114.947,108.094,113.627
2022-05-17,113.619,115.527,111.732,113.272
2022-05-18,113.277,115.397,105.132,108.042
2022-05-19,108.038,110.127,103.227,108.486
2022-05-20,108.486,111.172,108.477,110.787
2022-05-23,110.779,111.882,109.127,109.697
2022-05-24,109.717,111.397,108.579,111.032
2022-05-25,111.017,111.632,109.214,110.907
2022-05-26,110.917,114.792,110.473,114.103
2022-05-27,114.102,116.361,112.843,115.962
2022-05-30,115.967,118.267,115.369,118.244
2022-05-31,118.239,119.962,114.134,115.067
2022-06-01,115.063,117.837,111.619,112.927
2022-06-02,112.937,117.732,111.192,116.573
2022-06-03,116.572,120.882,115.217,119.747
2022-06-06,119.757,119.897,117.612,119.269
2022-06-07,119.267,120.327,117.142,119.707
2022-06-08,119.712,123.142,119.429,122.367
2022-06-09,122.361,122.487,120.079,120.762
2022-06-10,120.754,122.722,118.147,118.867
2022-06-13,118.872,122.222,117.452,120.667
2022-06-14,120.677,123.637,116.632,119.012
2022-06-15,119.017,119.527,114.564,116.304
2022-06-16,116.304,118.034,112.294,114.263
2022-06-17,114.287,116.547,106.392,107.693
2022-06-20,107.692,110.712,106.803,110.077
2022-06-21,110.067,111.132,104.986,105.736
2022-06-22,105.722,107.262,101.512,103.392
2022-06-23,103.382,107.017,103.082,104.272
2022-06-24,104.262,108.527,103.594,107.642
2022-06-27,107.647,110.972,106.017,110.769
2022-06-28,110.777,112.467,109.611,111.044
2022-06-29,111.052,113.997,109.097,109.957
2022-06-30,109.967,110.217,105.082,105.604
2022-07-01,105.603,109.302,104.537,108.177
2022-07-04,108.187,111.412,107.277,110.119
2022-07-05,110.114,110.552,97.412,100.038
2022-07-06,100.037,101.657,95.128,99.057
2022-07-07,99.042,104.452,97.912,102.577
2022-07-08,102.573,105.207,101.494,104.017
2022-07-11,104.037,104.542,100.887,102.547
2022-07-12,102.552,102.552,93.552,95.758
2022-07-13,95.762,97.937,94.472,96.787
2022-07-14,96.797,96.887,90.537,96.477
2022-07-15,96.469,99.002,94.558,97.992
2022-07-18,98.002,102.772,97.717,98.967
2022-07-19,98.972,100.963,96.503,100.169
2022-07-20,100.182,100.692,98.139,99.092
2022-07-21,99.097,99.507,94.578,97.228
2022-07-22,97.227,97.923,93.509,93.912
2022-07-25,93.907,98.492,92.987,97.982
2022-07-26,97.986,98.967,94.772,95.187
2022-07-27,95.192,98.922,94.292,98.472
2022-07-28,98.477,99.807,96.022,96.537
2022-07-29,96.529,101.857,96.382,97.257
2022-08-01,97.253,98.388,92.404,93.202
2022-08-02,93.198,96.397,92.602,94.007
2022-08-03,94.002,96.542,90.377,90.937
2022-08-04,90.932,91.867,87.557,88.802
2022-08-05,88.807,90.732,86.992,89.374
2022-08-08,89.373,90.861,87.227,90.607
2022-08-09,90.599,92.602,89.027,90.124
2022-08-10,90.122,92.402,87.637,91.727
2022-08-11,91.732,95.022,91.224,93.879
2022-08-12,93.887,94.782,91.102,91.307
2022-08-15,91.302,91.367,86.813,88.777
2022-08-16,88.772,90.607,85.702,87.062
2022-08-17,87.077,89.127,85.857,88.102
2022-08-18,88.107,91.442,87.527,90.157
2022-08-19,90.152,92.067,88.337,89.337
2022-08-22,89.342,91.312,86.267,91.062
2022-08-23,91.054,94.182,90.592,93.452
2022-08-24,93.432,95.647,92.777,95.287
2022-08-25,95.292,95.712,92.262,93.357
2022-08-26,93.362,94.297,91.062,94.199
2022-08-29,94.194,97.342,93.032,96.677
2022-08-30,96.672,97.627,90.527,92.467
2022-08-31,92.472,92.707,88.253,89.228
2022-09-01,89.232,89.327,85.962,88.287
2022-09-02,88.279,89.622,86.594,88.564
2022-09-05,88.572,90.362,88.327,88.527
2022-09-06,88.519,89.452,85.268,85.354
2022-09-07,85.362,87.717,81.479,82.862
2022-09-08,82.872,84.222,81.174,83.684
2022-09-09,83.692,87.167,83.452,85.453
2022-09-12,85.457,89.067,85.229,87.672
2022-09-13,87.677,89.272,85.047,87.017
2022-09-14,87.022,90.152,86.157,88.527
2022-09-15,88.517,89.067,84.372,85.172
2022-09-16,85.177,86.567,84.257,85.162
2022-09-19,85.154,85.742,81.722,85.357
2022-09-20,85.362,86.097,82.994,84.023
2022-09-21,84.027,86.652,82.397,83.258
2022-09-22,83.262,85.972,82.732,83.052
2022-09-23,83.057,83.512,78.103,78.302
2022-09-26,78.293,80.282,76.237,77.152
2022-09-27,77.157,79.472,76.908,77.439
2022-09-28,77.447,82.362,76.532,81.772
2022-09-29,81.782,82.917,80.314,80.887
2022-09-30,80.892,82.507,79.117,81.572
2022-10-03,81.564,84.532,81.358,83.854
2022-10-04,83.862,86.942,83.607,86.172
2022-10-05,86.162,88.402,85.407,87.847
2022-10-06,87.852,89.247,87.023,88.299
2022-10-07,88.293,93.282,87.982,91.797
2022-10-10,91.792,93.612,90.472,90.737
2022-10-11,90.742,91.042,87.892,88.564
2022-10-12,88.577,90.042,86.259,87.094
2022-10-13,87.102,89.637,85.542,88.924
2022-10-14,88.937,89.712,84.507,85.207
2022-10-17,85.207,86.152,83.689,84.847
2022-10-18,84.839,85.512,81.298,82.897
2022-10-19,82.889,84.992,81.709,84.772
2022-10-20,84.768,87.112,84.144,84.847
2022-10-21,84.839,85.867,83.129,84.612
2022-10-24,84.604,85.852,82.632,84.872
2022-10-25,84.864,85.992,83.039,84.987
2022-10-26,84.992,88.462,84.133,88.132
2022-10-27,88.124,89.772,87.322,88.082
2022-10-28,88.072,88.692,86.963,87.354
2022-10-31,87.349,87.802,85.282,87.037
2022-11-01,87.033,89.727,87.029,89.524
2022-11-02,89.519,90.327,87.739,89.439
2022-11-03,89.438,89.642,87.584,89.407
2022-11-04,89.399,92.822,89.397,91.359
2022-11-07,91.367,93.722,90.927,91.447
2022-11-08,91.444,91.752,88.302,88.358
2022-11-09,88.349,88.917,85.354,85.742
2022-11-10,85.747,87.307,84.699,86.687
2022-11-11,86.682,90.072,86.612,89.107
2022-11-14,89.102,89.547,85.082,85.317
2022-11-15,85.327,88.647,84.042,85.582
2022-11-16,85.577,86.867,83.657,83.842
2022-11-17,83.847,84.842,81.162,82.142
2022-11-18,82.147,82.207,77.569,79.397
2022-11-21,79.402,80.467,75.262,80.282
2022-11-22,80.292,82.337,79.819,80.812
2022-11-23,80.817,81.932,76.807,77.847
2022-11-24,77.857,78.522,76.873,78.499
2022-11-25,78.494,79.872,73.818,74.077
2022-11-28,74.072,78.792,73.577,78.742
2022-11-29,78.733,79.557,77.067,79.062
2022-11-30,79.057,81.347,78.377,80.392
2022-12-01,80.388,83.312,79.912,81.197
2022-12-02,81.188,82.182,79.643,80.662
2022-12-05,80.657,82.692,76.752,77.242
2022-12-06,77.247,77.742,73.392,74.232
2022-12-07,74.237,75.347,71.732,72.727
2022-12-08,72.722,75.392,71.097,71.907
2022-12-09,71.902,72.892,70.082,71.569
2022-12-12,71.552,74.182,70.227,74.092
2022-12-13,74.097,76.337,73.187,75.214
2022-12-14,75.222,77.722,74.989,76.502
2022-12-15,76.496,77.742,75.327,75.742
2022-12-16,75.732,76.147,73.312,75.207
2022-12-19,75.202,76.602,74.012,75.582
2022-12-20,75.587,76.907,74.432,76.167
2022-12-21,76.172,78.842,75.779,78.729
2022-12-22,78.728,79.852,77.012,78.329
2022-12-23,78.337,80.292,77.967,79.294
2022-12-26,79.897,81.027,79.814,80.092
2022-12-27,80.097,81.152,79.132,79.592
2022-12-28,79.597,79.672,77.284,78.742
2022-12-29,78.737,78.867,76.779,78.727
2022-12-30,78.732,80.552,77.697,80.432
